product_name,category,category_heat,trend_growth_rate,seasonality_index,competitor_density,cross_region_diffusion_speed,price_percentile,material_cost_ratio,design_novelty,ip_power_score,ip_category_match,ip_license_urgency,ip_region_heat_variance,z_gen_match,aesthetic_tag_heat,audience_spending_power,social_virality,trend_sentiment,social_mentions,positive_review_ratio,is_hit
IP联名洗护套装-001,美妆/个护,31.2803,41.2658,0.8678,0.4622,0.315,0.5252,0.324,0.5409,81.191,0.7922,0.1419,23.1969,0.3522,31.5761,0.544,0.392,0.327,4599.3906,0.8273,0
库洛米护手霜-002,美妆/个护,76.9089,-15.3041,0.7193,0.3781,0.2557,0.1977,0.3521,0.5775,57.0624,0.7355,0.4796,38.4056,0.6122,62.9955,0.211,0.5452,0.1644,10513.9918,0.4803,0
IP联名洗护套装-003,美妆/个护,40.4691,23.1437,0.5519,0.2556,0.5428,0.6218,0.3328,0.8135,62.8059,0.6625,0.5895,30.2738,0.5836,45.0141,0.4134,0.3603,0.454,2356.7602,0.6646,0
联名饮料-004,食品/零食,53.1066,70.2682,0.477,0.2859,0.7176,0.7699,0.3412,0.6142,96.1122,0.9567,0.3511,58.3181,0.4809,75.0552,0.6008,0.3198,0.3362,4197.9118,0.9405,0
机械键盘键帽-005,数码/配件,55.6809,57.2049,0.8581,0.0725,0.3863,0.91,0.6953,0.7864,69.3577,0.7126,0.361,43.1086,0.6633,61.3299,0.2899,0.2169,0.7765,4421.0117,0.6457,0
极简风帆布包-006,服饰/穿搭,54.7469,16.8363,0.4916,0.6558,0.6289,0.623,0.2853,0.4071,0.0,0.0,0.0,0.0,0.7244,41.0515,0.5268,0.3007,0.5923,282.0092,0.8068,0
治愈系礼盒-007,食品/零食,31.7531,16.1474,0.2037,0.447,0.7008,0.3676,0.3119,0.4932,72.7122,0.8744,0.7413,56.8877,0.4694,66.0823,0.9396,0.1739,-0.2007,269.9085,0.5638,0
极简风帆布包-008,服饰/穿搭,50.9784,-1.5122,0.5575,0.542,0.3949,0.311,0.2864,0.5942,0.0,0.0,0.0,0.0,0.6235,56.8425,0.6265,0.1592,0.4571,625.8959,0.9594,0
哈利波特盲盒-009,玩具/文创,30.7445,-7.8999,0.5175,0.8156,0.2226,0.2632,0.3802,0.6697,58.2392,0.3367,0.2561,43.7065,0.5247,55.1268,0.624,0.5138,0.4721,831.0535,0.7411,0
草莓熊摆件-010,家居/装饰,66.8398,-49.0992,0.767,0.7778,0.1883,0.641,0.2223,0.1624,0.0,0.0,0.0,0.0,0.566,84.1009,0.3204,0.1722,0.555,1328.5495,0.9002,0
治愈系毛绒挂件-011,玩具/文创,46.7739,6.1318,0.6855,0.4209,0.6555,0.4631,0.4003,0.7461,53.2781,0.8243,0.0715,47.2691,0.4444,31.4677,0.3293,0.1339,0.625,4283.3452,0.635,0
治愈系毛绒抱枕-012,家居/装饰,59.7404,41.7024,0.4846,0.3648,0.1073,0.7171,0.215,0.9788,0.0,0.0,0.0,0.0,0.6134,51.2015,0.2538,0.4811,0.2432,7501.7016,0.6026,0
多巴胺唇釉-013,美妆/个护,30.1327,35.5541,0.5258,0.3271,0.4977,0.5369,0.0806,0.4995,84.3763,0.8504,0.5945,46.2815,0.9492,39.3517,0.2133,0.7304,0.7197,689.5656,0.6796,1
Y2K印花T恤-014,服饰/穿搭,31.3686,14.577,0.7995,0.3328,0.0507,0.7786,0.2798,0.4156,41.291,0.8992,0.2088,32.5657,0.5268,95.9751,0.8259,0.3334,0.596,7749.3126,0.7539,0
治愈系毛绒挂件-015,玩具/文创,81.1219,62.5727,0.5454,0.1821,0.1618,0.4937,0.1616,0.9027,90.8884,0.8829,0.2861,37.3554,0.3606,43.4421,0.6371,0.2766,0.1075,25762.2471,0.917,1
多巴胺配色袜子-016,服饰/穿搭,71.8554,-50.0,0.7899,0.2866,0.3816,0.7351,0.753,0.2836,75.2098,0.8625,0.4856,13.1565,0.5612,34.8421,0.8674,0.3976,0.3902,12350.779,0.8116,1
IP联名香薰-017,家居/香氛,4.9694,-44.6398,0.4032,0.4314,0.3462,0.6008,0.2241,0.2593,0.0,0.0,0.0,0.0,0.877,82.2686,0.2955,0.1274,0.4655,2104.0009,0.6761,0
大豆蜡香氛蜡烛-018,家居/香氛,60.6118,-25.2803,0.3376,0.3754,0.2134,0.1214,0.5394,0.5464,0.0,0.0,0.0,0.0,0.4175,49.3441,0.3962,0.2412,0.4775,5973.2994,0.4255,0
限定口味薯片-019,食品/零食,55.9587,4.4083,0.2026,0.5494,0.2501,0.2534,0.3547,0.3386,0.0,0.0,0.0,0.0,0.428,48.2634,0.5423,0.551,0.3144,2960.3138,0.79,0
IP联名相框-020,家居/装饰,49.9749,49.5148,0.2789,0.5352,0.1404,0.6186,0.4562,0.4941,68.1529,0.7982,0.4778,17.7077,0.7563,81.3803,0.7037,0.4598,-0.3175,7941.5784,0.7093,1
舒缓精华液-021,美妆/个护,72.0733,70.2715,0.3837,0.418,0.5392,0.6915,0.2213,0.6435,63.7528,0.7067,0.7557,34.7385,0.537,56.2341,0.5051,0.0543,0.576,6061.0043,0.5346,1
哈利波特盲盒-022,玩具/文创,39.8933,39.4236,0.2927,0.1671,0.1443,0.8087,0.0715,0.1529,55.1927,0.6793,0.1189,37.1802,0.8164,93.6759,0.8374,0.2471,0.259,1123.4444,0.8135,0
治愈系礼盒-023,食品/零食,41.1966,8.4915,0.67,0.0219,0.4234,0.7036,0.4876,0.6799,84.2729,0.9171,0.2781,3.8461,0.4241,39.0618,0.6437,0.4529,0.339,9834.6487,0.7122,1
IP联名香薰-024,家居/香氛,60.684,68.7938,0.6632,0.2126,0.6134,0.5921,0.1967,0.8842,0.0,0.0,0.0,0.0,0.5917,56.0696,0.1099,0.0146,0.161,507.7549,0.7471,1
库洛米护手霜-025,美妆/个护,56.7688,-36.9769,0.7813,0.0717,0.0608,0.2355,0.4642,0.3811,59.514,0.9192,0.2928,47.0525,0.8539,46.7932,0.3376,0.4776,0.8315,19311.4302,0.7031,0
IP联名手机壳-026,数码/配件,56.5616,34.4626,0.303,0.3413,0.2218,0.6528,0.5582,0.2506,66.2902,0.6602,0.2276,65.2187,0.4613,74.4228,0.537,0.7453,0.6685,7958.4481,0.8984,0
IP联名相框-027,家居/装饰,48.4979,-0.3996,0.6214,0.5757,0.6294,0.6668,0.2385,0.7081,89.8283,0.8916,0.0512,0.0,0.6615,63.9996,0.5327,0.4534,0.3715,1182.7061,0.8798,0
治愈系扩香石-028,家居/香氛,29.2985,39.9192,0.3626,0.3739,0.291,0.9291,0.194,0.2918,42.9796,0.7035,0.2912,6.253,0.5119,59.7391,0.5209,0.1978,0.0103,1245.6565,0.8,0
侘寂风线香-029,家居/香氛,47.3754,1.2786,0.7613,0.2489,0.0951,0.7637,0.3825,0.6178,0.0,0.0,0.0,0.0,0.3537,27.2712,0.3695,0.4302,-0.127,2745.1684,0.9471,0
原木扩香器-030,家居/香氛,53.5147,7.381,0.4723,0.3276,0.0993,0.3188,0.2852,0.8117,79.246,0.6535,0.2839,30.7828,0.6904,78.3908,0.5538,0.5169,0.4554,212.7838,0.4796,1
蓝牙耳机保护套-031,数码/配件,71.445,-9.3674,0.4895,0.3494,0.1906,0.7001,0.2375,0.4164,51.4121,0.4571,0.2053,44.0727,0.3959,59.7365,0.6962,0.7814,0.2547,652.6064,0.8217,0
库洛米护手霜-032,美妆/个护,24.8416,-8.1945,0.7567,0.2822,0.5137,0.6871,0.1736,0.361,0.0,0.0,0.0,0.0,0.6947,41.8726,0.3251,0.7047,-0.011,1158.4941,0.6478,0
多巴胺配色袜子-033,服饰/穿搭,100.0,-0.7985,0.2612,0.4074,0.5307,0.155,0.045,0.5588,70.0904,0.7455,0.5291,1.5817,0.6722,15.9437,0.1761,0.202,0.1957,126.2755,0.7118,1
限定口味薯片-034,食品/零食,78.0587,-15.6638,0.444,0.4456,0.3813,0.8138,0.0629,0.5742,82.1269,0.4225,0.257,60.482,0.6919,47.5844,0.6239,0.4564,1.0,25285.6777,0.3153,1
多巴胺配色袜子-035,服饰/穿搭,54.8013,-22.2246,0.4396,0.6439,0.1818,0.1533,0.3682,0.4483,83.2779,0.1148,0.0781,62.5798,0.7162,72.3245,0.6628,0.3881,-0.1648,1079.3224,0.6367,0
草莓熊摆件-036,家居/装饰,17.5486,-11.3256,0.1138,0.536,0.2679,0.5125,0.1923,0.3474,76.5704,0.7351,0.3563,28.791,0.763,58.9676,0.6142,0.3511,0.4568,4702.0607,0.4087,0
限定口味薯片-037,食品/零食,54.5334,-34.1677,0.8554,0.279,0.2935,0.2872,0.1569,0.8708,94.6237,0.6992,0.3768,45.8919,0.4456,27.417,0.2747,0.3466,1.0,5165.0844,0.96,0
便携数据线-038,数码/配件,81.0025,24.5502,0.6029,0.4079,0.1189,0.3884,0.0253,0.1463,67.9804,0.5727,0.3949,57.4165,0.2546,20.7103,0.4265,0.729,0.4562,6276.1659,0.7441,1
原木扩香器-039,家居/香氛,53.8718,42.0389,0.7512,0.167,0.3708,0.595,0.2715,0.1593,0.0,0.0,0.0,0.0,0.3457,57.5472,0.6295,0.378,0.571,976.7284,0.4773,0
草莓熊软糖-040,食品/零食,100.0,-44.8229,0.5274,0.287,0.3237,0.9569,0.1261,0.8039,47.1553,0.7035,0.2739,61.6171,0.4907,46.316,0.437,0.225,0.0403,321.0693,0.7323,0
库洛米护手霜-041,美妆/个护,52.7166,35.2749,0.7288,0.2583,0.4241,0.8971,0.5422,0.7093,39.281,0.7385,0.9058,42.7641,0.4481,50.7145,0.1593,0.4766,-0.2112,50477.5387,0.4837,1
Y2K印花T恤-042,服饰/穿搭,58.2541,27.7053,0.4565,0.3098,0.2479,0.4962,0.1765,0.5702,75.8391,0.7806,0.657,62.8051,0.5253,84.3987,0.671,0.5107,1.0,10423.1891,0.6246,0
草莓熊摆件-043,家居/装饰,64.6112,-18.943,0.2455,0.5048,0.1233,0.4488,0.0907,0.8232,71.4235,0.7342,0.4679,34.5259,0.7939,42.7183,0.1402,0.2065,-0.055,523.3451,0.7963,0
机械键盘键帽-044,数码/配件,55.0611,-9.4145,0.2736,0.0627,0.045,0.2528,0.0256,0.5225,90.4137,0.598,0.1297,41.4023,0.5687,100.0,0.3369,0.2261,0.1358,3409.7326,0.9676,0
极简风帆布包-045,服饰/穿搭,47.217,-26.6108,0.4407,0.5744,0.4928,0.059,0.5063,0.4599,74.9662,0.6559,0.5866,29.0385,0.7223,64.6891,0.4637,0.6349,0.3865,9969.8503,0.7461,1
治愈系扩香石-046,家居/香氛,46.1256,77.3803,0.2036,0.2453,0.4664,0.6512,0.0504,0.4366,70.3216,0.7906,0.7518,32.3992,0.104,62.1791,0.2978,0.1732,0.4877,90173.2175,0.7638,1
IP联名香薰-047,家居/香氛,32.652,59.3207,0.5599,0.316,0.4585,0.6947,0.1329,0.4453,92.6843,0.6071,0.0998,32.1555,0.2782,39.5754,0.79,0.4467,0.8865,875.5132,0.8689,1
侘寂风线香-048,家居/香氛,71.7337,3.4777,0.5796,0.5282,0.3473,0.9696,0.1876,0.2361,69.7893,0.4601,0.4361,68.7196,0.5897,86.3156,0.5076,0.4523,0.3565,213.8522,0.9505,0
治愈系毛绒抱枕-049,家居/装饰,43.4171,63.9698,0.6342,0.3887,0.5266,0.0191,0.5134,0.4823,77.6355,0.7791,0.3394,14.7114,0.1893,54.4872,0.4726,0.5197,-0.4105,13756.4953,0.8712,1
Y2K印花T恤-050,服饰/穿搭,42.9145,-41.6675,0.7679,0.3285,0.0551,0.1529,0.3227,0.1562,0.0,0.0,0.0,0.0,0.4397,65.0217,0.6303,0.4439,0.2566,917.1817,0.574,0
原木扩香器-051,家居/香氛,38.4159,5.9135,0.8246,0.7504,0.1291,0.5003,0.3002,0.7598,100.0,0.5409,0.7086,37.8493,0.496,51.6425,0.5469,0.2675,0.6904,2362.0958,0.8093,1
草莓熊摆件-052,家居/装饰,52.271,3.1138,0.2249,0.8972,0.4813,0.8083,0.0334,0.4181,0.0,0.0,0.0,0.0,0.5242,47.0561,0.3873,0.4546,0.3314,817.1314,0.9391,0
治愈系扩香石-053,家居/香氛,50.7412,54.9906,0.4064,0.9275,0.4018,0.6143,0.1229,0.6127,0.0,0.0,0.0,0.0,0.8541,19.6608,0.7796,0.6372,0.3909,32861.9562,0.6053,0
手工陶艺花瓶-054,家居/装饰,44.0939,-50.0,0.0585,0.6385,0.3598,0.4173,0.4233,0.6835,0.0,0.0,0.0,0.0,0.6496,60.1858,0.1535,0.4535,0.951,2728.3073,0.933,1
侘寂风面膜-055,美妆/个护,43.9858,58.7158,0.883,0.1917,0.4816,0.6376,0.2828,0.339,62.3858,0.6259,0.38,38.0823,0.2819,37.2039,0.4801,0.2983,-0.0737,768.6981,0.8848,0
草莓熊摆件-056,家居/装饰,44.3158,56.2458,0.5053,0.3269,0.1633,0.785,0.0374,0.3596,57.574,0.4022,0.3747,17.3246,0.8912,70.6236,0.6357,0.5436,0.7862,33656.9091,0.6985,1
IP联名香薰-057,家居/香氛,27.5226,26.6742,0.4365,0.4231,0.4643,0.6231,0.2502,0.8239,87.5342,0.6338,0.2334,24.4705,0.9605,53.9686,0.4823,0.547,-0.1754,14710.4622,0.7862,0
IP联名相框-058,家居/装饰,53.1882,36.9488,0.8517,0.7152,0.3551,0.5927,0.4483,0.244,81.4345,0.5903,0.2911,19.4964,0.9074,99.6819,0.624,0.1168,0.2749,7505.3992,0.3275,1
拼装模型-059,玩具/文创,59.8243,53.4065,0.8298,0.2026,0.566,0.5438,0.3738,0.7917,79.9578,0.7754,0.512,33.4751,0.9175,74.2219,0.1924,0.3463,0.7036,388.2635,0.918,1
多巴胺配色袜子-060,服饰/穿搭,59.9712,-5.4048,0.6209,0.2891,0.3186,0.3038,0.2142,0.2467,0.0,0.0,0.0,0.0,0.4841,66.705,0.5507,0.4395,0.1875,2058.5648,0.947,0
舒缓精华液-061,美妆/个护,64.0783,-36.3892,0.4206,0.1783,0.6036,0.8534,0.2366,0.5821,0.0,0.0,0.0,0.0,0.8871,43.3223,0.4097,0.1877,1.0,1092.9503,0.7337,0
IP联名卫衣-062,服饰/穿搭,30.6734,-45.4312,0.2477,0.5408,0.4758,0.1198,0.1754,0.7274,69.6291,0.5148,0.4083,61.2862,0.3832,65.5019,0.7667,0.2236,0.1864,53504.4016,0.8558,1
草莓熊软糖-063,食品/零食,42.4159,49.2508,0.755,0.4913,0.38,0.7896,0.2238,0.9217,83.2565,0.9184,0.6514,59.495,0.6088,60.3106,0.7124,0.1869,0.7014,15047.5954,0.7531,1
联名饮料-064,食品/零食,52.9074,72.6839,0.3683,0.5772,0.3211,0.6533,0.3053,0.8588,0.0,0.0,0.0,0.0,0.5231,28.2856,0.5096,0.4403,0.1934,1125.9815,0.9129,0
Y2K印花T恤-065,服饰/穿搭,68.6086,-44.6435,0.6926,0.3868,0.0684,0.5379,0.3367,0.4562,84.6753,0.8524,0.6623,29.0599,0.3305,47.4681,0.8328,0.4187,0.6224,251.7243,0.8419,0
IP联名手机壳-066,数码/配件,41.658,-49.8455,0.7689,0.4325,0.2744,0.2188,0.4586,0.1086,0.0,0.0,0.0,0.0,0.3531,49.5202,0.3045,0.3581,0.5876,7592.6549,0.4953,0
联名饮料-067,食品/零食,57.2439,-0.0315,0.8593,0.1743,0.6952,0.6891,0.2283,0.3613,0.0,0.0,0.0,0.0,0.7768,16.2249,0.3974,0.5655,-0.0566,980.9016,0.6963,0
IP联名洗护套装-068,美妆/个护,44.9914,31.4658,0.6025,0.1847,0.2846,0.4294,0.3345,0.691,67.6797,0.8693,0.1844,32.6664,0.4616,49.3594,0.3003,0.3118,0.4588,204.3655,0.6435,1
原木收纳盒-069,家居/装饰,66.6446,30.6149,0.7321,0.3178,0.175,0.7534,0.1166,0.4778,72.4315,0.3052,0.3567,59.6583,0.1242,63.0675,0.6227,0.5861,0.9241,1899.8641,0.8166,0
多巴胺配色袜子-070,服饰/穿搭,65.3763,23.0853,0.7387,0.201,0.4502,0.1757,0.285,0.5448,0.0,0.0,0.0,0.0,0.9029,55.2067,0.6442,0.1407,0.426,6934.6571,0.809,0
多巴胺配色袜子-071,服饰/穿搭,42.7316,-24.3112,0.5042,0.4464,0.3726,0.6769,0.062,0.4416,50.7266,0.9426,0.0415,13.5915,0.249,59.4275,0.6066,0.3789,-0.2687,346.7717,0.5308,0
原木收纳盒-072,家居/装饰,53.7557,56.9905,0.348,0.3028,0.3607,0.6412,0.251,0.4691,0.0,0.0,0.0,0.0,0.8279,38.917,0.4314,0.1033,0.0327,4647.8075,0.6556,0
IP联名徽章套装-073,玩具/文创,43.5645,-32.8714,0.5814,0.5421,0.2086,0.7768,0.2762,0.7685,92.4943,0.6182,0.2412,33.5804,0.5511,24.1503,0.4559,0.5644,0.5349,7276.6705,0.3374,0
侘寂风面膜-074,美妆/个护,51.6592,9.7091,0.697,0.3798,0.4086,0.4522,0.3282,0.3339,0.0,0.0,0.0,0.0,0.9512,51.8536,0.6805,0.027,0.7431,10839.2196,0.5891,0
多巴胺配色袜子-075,服饰/穿搭,42.0563,41.4125,0.8857,0.4038,0.3209,0.4044,0.0101,0.7209,0.0,0.0,0.0,0.0,0.354,40.3285,0.5649,0.3767,0.2145,688.2352,0.7699,0
IP联名手机壳-076,数码/配件,74.8917,22.058,0.3121,0.4024,0.0261,0.0608,0.1838,0.6356,0.0,0.0,0.0,0.0,0.7231,32.2481,0.2695,0.6136,0.0956,5513.2159,0.8655,0
IP联名巧克力-077,食品/零食,92.4048,13.987,0.6418,0.5927,0.2294,0.1315,0.0173,0.3046,0.0,0.0,0.0,0.0,0.5225,52.5983,0.6143,0.2497,-0.177,1059.9554,0.4985,0
草莓熊软糖-078,食品/零食,62.6837,-18.6349,0.6221,0.3388,0.248,0.4047,0.5352,0.4792,79.3772,0.8925,0.376,63.1594,0.7923,91.8823,0.4492,0.1771,0.6191,1486.8017,0.8092,1
IP联名香薰-079,家居/香氛,42.0466,-40.0851,0.3065,0.1732,0.3208,0.4535,0.2835,0.5139,66.8688,0.7028,0.2141,60.9013,0.9295,31.1624,0.6179,0.4079,-0.5154,16037.3592,0.8116,0
治愈系毛绒抱枕-080,家居/装饰,57.3283,33.1686,0.4435,0.1334,0.2082,0.8996,0.346,0.3781,0.0,0.0,0.0,0.0,0.2284,28.5124,0.6738,0.5552,-0.3516,32713.4566,0.8898,0
IP联名洗护套装-081,美妆/个护,51.1877,-1.2544,0.2946,0.2682,0.2308,0.6018,0.1566,0.3747,0.0,0.0,0.0,0.0,0.3762,27.1898,0.4787,0.4515,0.6391,1580.7088,0.9041,0
原木扩香器-082,家居/香氛,31.6353,18.5457,0.2703,0.4232,0.1734,0.4074,0.3162,0.6559,0.0,0.0,0.0,0.0,0.3798,41.433,0.6531,0.4609,0.3918,3257.2547,0.8411,0
舒缓精华液-083,美妆/个护,33.7373,-10.7342,0.6103,0.0704,0.3925,0.8746,0.3742,0.2133,0.0,0.0,0.0,0.0,0.7761,52.2424,0.7064,0.2504,0.4161,43973.7291,0.4923,0
治愈系毛绒抱枕-084,家居/装饰,62.43,52.0242,0.7437,0.435,0.238,0.1516,0.2481,0.5559,0.0,0.0,0.0,0.0,0.6001,63.9186,0.4382,0.7014,0.1092,9333.994,0.6789,0
治愈系礼盒-085,食品/零食,59.1059,67.5561,0.1679,0.6731,0.2805,0.2795,0.2239,0.3267,0.0,0.0,0.0,0.0,0.706,43.9837,0.8266,0.4954,0.6385,47063.4987,0.6568,0
机械键盘键帽-086,数码/配件,21.8277,-16.3756,0.506,0.2657,0.2148,0.4829,0.1617,0.4248,65.6848,0.632,0.1734,55.9049,0.7366,60.5095,0.5654,0.1782,0.0514,1125.8745,0.8959,0
IP联名相框-087,家居/装饰,55.2754,24.2861,0.2877,0.3662,0.209,0.6678,0.4113,0.1378,0.0,0.0,0.0,0.0,0.9872,53.9831,0.2996,0.228,0.1833,86056.2731,0.4402,0
IP联名相框-088,家居/装饰,49.1404,5.5264,0.4933,0.6427,0.0619,0.2955,0.4582,0.6495,60.1621,0.5643,0.0133,54.3001,0.4885,48.0323,0.6189,0.1172,0.5317,223.978,0.2981,0
舒缓精华液-089,美妆/个护,65.2311,-0.6612,0.3429,0.4541,0.6817,0.5163,0.1595,0.6917,0.0,0.0,0.0,0.0,0.6546,50.089,0.8371,0.4355,-0.5059,647.434,0.8018,0
原木扩香器-090,家居/香氛,49.2222,45.3862,0.7794,0.1452,0.477,0.76,0.4699,0.1072,0.0,0.0,0.0,0.0,0.8442,46.1138,0.555,0.3752,0.4765,1766.6511,0.7805,0
多巴胺唇釉-091,美妆/个护,30.1615,-14.1759,0.2333,0.8053,0.1537,0.7271,0.1346,0.9297,0.0,0.0,0.0,0.0,0.6064,28.6989,0.1574,0.5294,0.9926,6663.8465,0.6577,0
草莓熊摆件-092,家居/装饰,56.6709,-3.2567,0.4789,0.6137,0.5051,0.6687,0.4335,0.6774,58.3614,0.6793,0.6222,42.9636,0.803,58.9164,0.4387,0.5342,-0.3241,2700.6744,0.6086,0
草莓熊软糖-093,食品/零食,50.8953,-16.2456,0.5958,0.7191,0.1324,0.2043,0.2447,0.4676,0.0,0.0,0.0,0.0,0.5725,71.4949,0.1275,0.6365,-0.0085,250.3593,0.7642,0
手工陶艺花瓶-094,家居/装饰,74.703,46.633,0.1612,0.5318,0.3563,0.3687,0.2034,0.4501,0.0,0.0,0.0,0.0,0.6517,63.3084,0.6212,0.2948,0.8219,689.6902,0.3554,0
蓝牙耳机保护套-095,数码/配件,49.9789,32.8237,0.167,0.0962,0.3928,0.3213,0.173,0.6414,77.5686,0.4999,0.4404,41.6278,0.456,44.2095,0.3835,0.9253,0.7316,239.1979,0.8503,0
拼装模型-096,玩具/文创,48.5,16.6319,0.8414,0.8304,0.0891,0.5999,0.5935,0.3316,48.8881,0.6181,0.7525,39.9686,0.6119,61.552,0.4515,0.1957,0.1087,732.4538,0.6479,0
草莓熊摆件-097,家居/装饰,25.9535,28.2913,0.7076,0.1497,0.7131,0.5009,0.2492,0.0545,0.0,0.0,0.0,0.0,0.624,71.9773,0.2835,0.4456,0.43,801.2022,0.4719,0
治愈系毛绒挂件-098,玩具/文创,58.7689,-28.4491,0.1378,0.6377,0.0672,0.7563,0.1614,0.7578,88.6239,0.8556,0.4734,46.7788,0.6719,54.1583,0.7043,0.3554,0.3538,1869.0791,0.9224,1
哈利波特盲盒-099,玩具/文创,49.5243,52.5387,0.9314,0.6119,0.1575,0.524,0.2185,0.5808,0.0,0.0,0.0,0.0,0.9426,41.635,0.2449,0.3062,0.6472,163.3669,0.7518,0
机械键盘键帽-100,数码/配件,44.1694,25.2099,0.5234,0.6185,0.1479,0.2808,0.1459,0.729,99.0661,0.6168,0.3747,51.6984,0.5775,69.6299,0.2524,0.2145,0.6109,20552.8596,0.467,1
侘寂风面膜-101,美妆/个护,45.3429,-27.3771,0.6889,0.6201,0.6937,0.4613,0.1583,0.3726,0.0,0.0,0.0,0.0,0.5071,58.2188,0.2603,0.5833,0.5497,11485.5684,0.9038,0
侘寂风面膜-102,美妆/个护,64.522,66.6883,0.6258,0.4294,0.1198,0.6145,0.2251,0.3368,66.8314,0.8426,0.5895,18.1868,0.6935,30.4934,0.4666,0.1504,0.33,25293.7361,0.7109,0
治愈系毛绒挂件-103,玩具/文创,47.1132,-34.3484,0.626,0.2574,0.496,0.5762,0.3622,0.7003,72.6297,0.7694,0.5231,72.4957,0.9506,65.1824,0.6906,0.7838,0.7499,2633.6153,0.8755,1
治愈系毛绒抱枕-104,家居/装饰,77.0381,-21.9195,0.5028,0.341,0.4082,0.4097,0.4445,0.5258,0.0,0.0,0.0,0.0,0.7917,84.0171,0.6236,0.1549,0.565,237.5279,0.6224,0
IP联名徽章套装-105,玩具/文创,62.1324,82.1358,0.1028,0.4115,0.1874,0.9052,0.0575,0.7323,70.0161,0.6253,0.2244,46.3519,0.4935,62.7229,0.5561,0.0938,0.0874,51178.5326,0.8504,1
手工陶艺花瓶-106,家居/装饰,60.8134,-16.3631,0.7969,0.4633,0.2396,0.7895,0.3992,0.5801,0.0,0.0,0.0,0.0,0.6682,64.449,0.5204,0.7178,0.759,402.1458,0.2509,0
IP联名手机壳-107,数码/配件,58.1406,38.1446,0.0839,0.4129,0.0928,0.3837,0.2019,0.2292,100.0,0.732,0.2294,38.913,0.6998,58.4125,0.7082,0.178,0.5144,758.9093,0.4766,0
舒缓精华液-108,美妆/个护,32.1201,28.7211,0.8865,0.2211,0.3799,0.1592,0.2782,0.4706,0.0,0.0,0.0,0.0,0.4214,65.1532,0.6877,0.1674,0.23,153.2394,0.8111,0
IP联名洗护套装-109,美妆/个护,49.7968,31.7906,0.5701,0.3497,0.5377,0.4447,0.5751,0.5315,0.0,0.0,0.0,0.0,0.4825,100.0,0.734,0.1703,0.7528,1731.4479,0.6116,0
哈利波特盲盒-110,玩具/文创,66.1495,6.782,0.6369,0.4235,0.3401,0.7429,0.233,0.5079,0.0,0.0,0.0,0.0,0.6879,89.1472,0.9014,0.2905,0.5116,1055.6065,0.9236,0
库洛米护手霜-111,美妆/个护,54.4164,36.3871,0.0826,0.4695,0.7436,0.6549,0.0963,0.4584,73.7252,0.6295,0.208,32.1001,0.8102,84.9684,0.8793,0.3304,-0.5495,11889.036,0.8809,1
哈利波特盲盒-112,玩具/文创,53.657,-33.3967,0.393,0.2224,0.0565,0.1876,0.4362,0.7602,65.3437,0.7206,0.6613,33.9415,0.5622,53.7623,0.1972,0.4188,0.007,1633.536,0.6207,1
草莓熊摆件-113,家居/装饰,40.3364,-21.8175,0.5613,0.3997,0.4884,0.4812,0.3762,0.5005,0.0,0.0,0.0,0.0,0.4212,27.5497,0.377,0.4769,0.4858,13705.2289,0.6832,0
原木扩香器-114,家居/香氛,39.9212,75.981,0.6081,0.6396,0.2894,0.3009,0.4528,0.3139,0.0,0.0,0.0,0.0,0.6949,72.838,0.2577,0.5677,0.2828,12455.9703,0.8006,0
限定口味薯片-115,食品/零食,44.6188,-7.4571,0.3698,0.7411,0.5611,0.312,0.0047,0.3037,63.4831,0.8572,0.5904,10.9709,0.3794,51.568,0.6504,0.2888,-0.0943,969.6901,0.8602,0
草莓熊摆件-116,家居/装饰,20.6482,64.3767,0.4639,0.2262,0.3831,0.5075,0.1656,0.2967,75.1543,0.5149,0.5693,29.3867,0.8171,86.0235,0.7319,0.332,0.0714,4142.9358,0.8055,0
蓝牙耳机保护套-117,数码/配件,58.5882,3.7292,0.6234,0.6048,0.7387,0.3856,0.1929,0.4752,76.5519,0.9214,0.495,25.65,0.4103,22.6387,0.784,0.073,0.4185,6804.8754,0.858,0
治愈系毛绒挂件-118,玩具/文创,25.308,6.1599,0.4674,0.244,0.5725,0.1295,0.482,0.7905,0.0,0.0,0.0,0.0,0.5783,38.663,0.5573,0.3698,0.7303,47555.8351,0.793,0
复古牛仔外套-119,服饰/穿搭,33.0419,71.3815,0.6941,0.5788,0.4166,0.536,0.5508,0.4159,71.2016,0.9063,0.5635,36.3756,0.7581,42.0328,0.8329,0.0573,1.0,2583.7012,0.741,1
极简风帆布包-120,服饰/穿搭,72.3585,5.819,0.346,0.3266,0.3687,0.6915,0.5591,0.6951,65.0349,0.7615,0.6378,41.5592,0.3745,84.1454,0.5764,0.0972,0.0823,2056.1292,0.7694,1
IP联名相框-121,家居/装饰,48.7697,14.009,0.2045,0.1768,0.2598,0.3117,0.3463,0.501,0.0,0.0,0.0,0.0,0.858,37.3406,0.4142,0.5343,0.6678,5240.3473,0.8582,0
复古牛仔外套-122,服饰/穿搭,23.8968,64.3909,0.2904,0.0829,0.2444,0.5526,0.1341,0.4091,0.0,0.0,0.0,0.0,0.4389,34.7799,0.5572,0.6899,0.5342,212.7855,0.9069,0
手工陶艺花瓶-123,家居/装饰,47.4491,2.1985,0.7577,0.3467,0.2355,0.1793,0.292,0.3629,58.7745,0.4191,0.2656,37.1943,0.1498,40.8495,0.5217,0.3106,-0.2344,3349.1467,0.6888,0
治愈系毛绒挂件-124,玩具/文创,45.6679,-4.8449,0.2774,0.4773,0.0811,0.8479,0.6186,0.3136,0.0,0.0,0.0,0.0,0.8111,94.8549,0.1635,0.3993,-0.2536,1638.5268,0.5811,0
大豆蜡香氛蜡烛-125,家居/香氛,45.5314,30.364,0.324,0.3783,0.3359,0.3758,0.2746,0.7363,78.7441,0.1952,0.2261,62.2031,0.8916,52.9898,0.3649,0.7417,-0.2474,27169.1256,0.5657,0
蓝牙耳机保护套-126,数码/配件,49.7215,2.0775,0.7664,0.4432,0.4732,0.5113,0.3611,0.5875,0.0,0.0,0.0,0.0,0.7583,86.1379,0.8086,0.6387,-0.2819,1171.182,0.7488,0
IP联名相框-127,家居/装饰,43.7273,28.455,0.2388,0.2785,0.3955,0.555,0.3583,0.5507,0.0,0.0,0.0,0.0,0.5656,3.8464,0.4734,0.4836,0.439,1366.9566,0.6174,0
手工陶艺花瓶-128,家居/装饰,44.1006,37.131,0.2556,0.3312,0.3649,0.7986,0.5288,0.2773,0.0,0.0,0.0,0.0,0.6377,30.7537,0.6784,0.4421,0.1487,2127.9245,0.8841,0
治愈系礼盒-129,食品/零食,43.2593,-33.3571,0.8016,0.4832,0.2066,0.5483,0.2197,0.8935,0.0,0.0,0.0,0.0,0.8077,26.5478,0.4734,0.2226,-0.2606,10092.5581,0.5334,0
拼装模型-130,玩具/文创,46.5345,11.8162,0.4366,0.202,0.342,0.6947,0.2789,0.2434,56.3739,0.8425,0.1333,79.3845,0.4421,30.5599,0.5048,0.3338,0.1891,3137.9192,0.8301,0
Y2K印花T恤-131,服饰/穿搭,23.7069,-16.1713,0.51,0.1343,0.1209,0.2985,0.1434,0.7243,0.0,0.0,0.0,0.0,0.7993,51.391,0.7584,0.2597,-0.2172,3607.8315,0.565,0
原木收纳盒-132,家居/装饰,63.0703,24.5859,0.3925,0.8948,0.2169,0.4051,0.6251,0.4103,92.7184,0.3877,0.3106,57.5148,0.825,71.7571,0.7753,0.1675,0.2819,2307.5896,0.9214,1
哈利波特盲盒-133,玩具/文创,47.526,29.6457,0.4625,0.5253,0.4472,0.185,0.2691,0.4386,72.1392,0.2811,0.2343,56.8537,0.5054,87.1833,0.5183,0.4721,0.6402,4096.8507,0.9101,0
侘寂风面膜-134,美妆/个护,56.0782,15.7458,0.6034,0.6726,0.1369,0.4648,0.2905,0.4823,0.0,0.0,0.0,0.0,0.3609,41.0217,0.6904,0.4238,0.3294,1357.5474,0.5214,0
草莓熊摆件-135,家居/装饰,29.6922,21.2178,0.7508,0.2999,0.3224,0.4246,0.3001,0.2027,0.0,0.0,0.0,0.0,0.6629,63.404,0.0977,0.5418,0.1103,700.1408,0.7737,0
多巴胺唇釉-136,美妆/个护,31.2577,17.5472,0.7585,0.3739,0.3153,0.6969,0.1514,0.401,69.053,0.6858,0.191,45.4059,0.5723,42.686,0.6129,0.3325,0.0078,1958.841,0.6434,0
侘寂风面膜-137,美妆/个护,28.1254,9.0564,0.1427,0.5058,0.1471,0.4568,0.5729,0.2709,47.1392,0.7327,0.8951,44.0141,0.513,68.4297,0.4827,0.4454,0.8397,7877.6997,0.9342,0
联名饮料-138,食品/零食,30.8383,-50.0,0.2266,0.2665,0.6334,0.3748,0.2915,0.6497,0.0,0.0,0.0,0.0,0.8021,0.0,0.6817,0.2276,-0.2055,4111.2,0.6918,0
IP联名洗护套装-139,美妆/个护,44.0444,9.1691,0.4553,0.8625,0.2208,0.6613,0.307,0.7339,70.0996,0.8088,0.3977,24.0171,0.7047,57.9792,0.5562,0.2027,0.3723,84.7187,0.7006,0
大豆蜡香氛蜡烛-140,家居/香氛,56.0889,31.2851,0.6893,0.6874,0.5214,0.6473,0.3284,0.4932,79.5147,0.7261,0.6208,47.5509,0.7613,45.8024,0.3419,0.1359,0.4812,100000.0,0.7912,1
治愈系毛绒挂件-141,玩具/文创,39.4336,-33.7649,0.7709,0.3733,0.4029,0.6705,0.2018,0.1657,36.007,0.6844,0.3522,39.6068,0.6442,77.3327,0.5913,0.534,0.132,2787.0993,0.7927,0
蓝牙耳机保护套-142,数码/配件,23.3209,44.8021,0.3695,0.1775,0.3031,0.2383,0.5017,0.56,72.1602,0.9286,0.3012,53.2443,0.6213,28.356,0.2276,0.8696,-0.3118,2894.1384,0.8112,0
侘寂风面膜-143,美妆/个护,54.1539,-12.6208,0.8007,0.6734,0.4872,0.6674,0.2333,0.9134,78.6609,0.8484,0.2173,58.9779,0.618,44.7817,0.5126,0.5017,-0.0619,1279.6406,0.8881,0
复古牛仔外套-144,服饰/穿搭,70.1781,11.2906,0.2854,0.7785,0.417,0.3743,0.2942,0.6233,55.5238,0.4911,0.4251,44.4745,0.5042,43.4331,0.5753,0.1378,0.0838,2074.6413,0.9238,0
复古牛仔外套-145,服饰/穿搭,56.2404,24.3666,0.5093,0.6248,0.4667,0.6848,0.1995,0.8796,0.0,0.0,0.0,0.0,0.3753,64.4317,0.2606,0.1039,0.6983,3754.4479,0.8447,0
侘寂风线香-146,家居/香氛,42.2233,87.428,0.7131,0.0951,0.655,0.2084,0.269,0.9282,0.0,0.0,0.0,0.0,0.6815,32.9717,0.3805,0.5043,0.2762,14676.0332,0.8036,1
侘寂风面膜-147,美妆/个护,59.3314,-13.4461,0.4852,0.2864,0.4799,0.5323,0.216,0.7362,0.0,0.0,0.0,0.0,0.8625,66.9077,0.7513,0.2816,1.0,2892.7835,0.961,0
IP联名卫衣-148,服饰/穿搭,35.9518,-50.0,0.9405,0.3523,0.2872,0.5578,0.0794,0.4487,69.0743,0.3802,0.6239,18.1493,0.7993,38.5961,0.6398,0.5207,0.0554,9378.2088,0.7478,0
IP联名徽章套装-149,玩具/文创,52.6332,12.4595,0.5611,0.2309,0.1005,0.5163,0.2686,0.2174,81.0731,0.707,0.4208,24.5432,0.6775,36.394,0.4602,0.3659,0.3816,10553.1085,0.8159,1
联名饮料-150,食品/零食,52.2905,41.477,0.0718,0.13,0.3894,0.3189,0.5896,0.7171,0.0,0.0,0.0,0.0,0.4454,27.3596,0.6691,0.7578,-0.1784,2219.0801,0.6359,0
多巴胺唇釉-151,美妆/个护,100.0,39.1949,0.6493,0.1365,0.1763,0.0776,0.1121,0.416,0.0,0.0,0.0,0.0,0.3344,44.3481,0.6424,0.7035,0.216,427.2804,0.5207,0
侘寂风面膜-152,美妆/个护,77.178,34.9198,0.5121,0.3983,0.4404,0.8407,0.0452,0.6415,0.0,0.0,0.0,0.0,0.8915,46.769,0.4387,0.5827,0.2218,46846.6866,0.6959,0
舒缓精华液-153,美妆/个护,81.645,-22.4459,0.51,0.3375,0.4826,0.4775,0.5982,0.3078,59.9258,0.7365,0.7318,21.9254,0.8511,27.8763,0.33,0.4546,0.1295,4221.3331,0.9091,1
联名饮料-154,食品/零食,52.7435,0.5916,0.7323,0.6994,0.2461,0.5666,0.0726,0.2968,0.0,0.0,0.0,0.0,0.6263,67.2827,0.7863,0.4499,0.1505,2276.0895,0.9047,0
限定口味薯片-155,食品/零食,46.5446,69.8026,0.3145,0.4515,0.4223,0.505,0.3138,0.7605,38.4873,0.7675,0.1132,35.2741,0.7316,31.2324,0.5669,0.383,0.9013,16207.6186,0.8187,1
复古牛仔外套-156,服饰/穿搭,55.163,-14.5293,0.2482,0.5855,0.5763,0.5466,0.3131,0.3817,0.0,0.0,0.0,0.0,0.9028,55.5538,0.7414,0.2065,0.9263,5841.312,0.9025,0
侘寂风面膜-157,美妆/个护,43.0542,-8.5126,0.4549,0.5565,0.3297,0.5344,0.1206,0.4866,69.3898,0.7211,0.2077,41.5881,0.676,72.0123,0.4704,0.1056,0.5835,9425.4977,0.9466,1
蓝牙耳机保护套-158,数码/配件,31.4667,32.6685,0.3207,0.2416,0.0818,0.3329,0.2961,0.5004,75.4459,0.6274,0.4177,26.6163,0.1,68.7349,0.3071,0.6187,-0.0014,339.5933,0.6664,0
IP联名手机壳-159,数码/配件,28.8887,2.0437,0.2884,0.0639,0.2255,0.7411,0.187,0.5348,100.0,0.6821,0.1863,30.3282,0.6029,59.9236,0.2835,0.3372,0.7038,15602.3966,0.8739,1
原木收纳盒-160,家居/装饰,32.5962,-10.0591,0.7619,0.2571,0.8026,0.311,0.2875,0.3299,72.3792,0.6652,0.5467,63.2381,0.7267,35.9962,0.8071,0.4221,0.3229,3061.652,0.8354,0
蓝牙耳机保护套-161,数码/配件,39.6954,-26.4644,0.4294,0.3349,0.3201,0.7511,0.3533,0.4262,56.4649,0.7545,0.5548,43.7624,0.6086,55.7241,0.7943,0.6035,0.559,1826.6641,0.5525,1
机械键盘键帽-162,数码/配件,91.0475,23.1358,0.2819,0.2295,0.3159,0.895,0.3252,0.5554,0.0,0.0,0.0,0.0,0.507,79.7229,0.2428,0.1028,0.6825,8548.0134,0.7933,0
IP联名手机壳-163,数码/配件,67.1998,24.8353,0.6561,0.5462,0.4972,0.064,0.0285,0.4502,69.8107,0.5913,0.2284,42.6326,0.6242,50.9389,0.5524,0.1664,0.4754,3779.9093,0.2876,1
舒缓精华液-164,美妆/个护,43.7049,-39.814,0.6755,0.4522,0.1869,0.2046,0.1888,0.6907,73.6735,0.8184,0.4753,17.2841,0.92,21.5188,0.3012,0.1334,0.5103,150.3178,0.4856,1
原木收纳盒-165,家居/装饰,6.3085,28.6799,0.6518,0.5292,0.6355,0.8005,0.1921,0.1998,73.1818,0.8144,0.2463,71.4636,0.7077,90.1683,0.3126,0.3418,0.82,2525.9365,0.8914,0
极简风帆布包-166,服饰/穿搭,53.4119,49.9756,0.3446,0.5007,0.5587,0.5519,0.4243,0.6855,99.2063,0.5977,0.1811,71.8252,0.9207,46.6558,0.5249,0.7998,0.0578,14143.1252,0.7523,1
联名饮料-167,食品/零食,83.94,50.1476,0.3687,0.4535,0.1369,0.0734,0.0258,0.5834,34.249,0.6316,0.0523,42.0655,0.6781,100.0,0.9218,0.6854,0.8929,2209.7167,0.7968,1
拼装模型-168,玩具/文创,88.3689,30.3597,0.5985,0.448,0.4448,0.3766,0.4911,0.3721,63.9721,0.7017,0.2388,37.6114,0.4957,76.0183,0.2797,0.0675,0.4968,14613.5818,0.8487,1
治愈系毛绒挂件-169,玩具/文创,36.7218,5.5148,0.5236,0.5815,0.0814,0.4387,0.1187,0.5164,54.4926,0.6186,0.3443,13.5896,0.121,15.5755,0.5703,0.2176,0.337,879.1755,0.8492,0
多巴胺配色袜子-170,服饰/穿搭,31.8329,-49.8181,0.904,0.631,0.3152,0.2095,0.345,0.1885,82.0355,0.3826,0.1752,87.156,0.4515,75.1486,0.1382,0.1874,0.1926,11098.9694,0.8802,0
治愈系礼盒-171,食品/零食,24.9423,72.3979,0.2363,0.3967,0.1678,0.877,0.0778,0.3793,63.4399,0.7563,0.2372,49.3868,0.4912,58.453,0.3823,0.2042,0.7879,1276.6712,0.8935,0
哈利波特盲盒-172,玩具/文创,20.9875,-10.2314,0.3726,0.9281,0.1431,0.3824,0.4335,0.1716,0.0,0.0,0.0,0.0,0.8174,54.9419,0.6921,0.1836,-0.068,7058.5982,0.6664,0
治愈系毛绒挂件-173,玩具/文创,47.6685,9.6209,0.4024,0.1411,0.1757,0.8728,0.62,0.3598,0.0,0.0,0.0,0.0,0.4339,61.0925,0.3444,0.4141,0.1887,1191.6286,0.8808,0
IP联名洗护套装-174,美妆/个护,44.2386,-28.6378,0.6399,0.9468,0.5319,0.6758,0.4785,0.9129,0.0,0.0,0.0,0.0,0.5019,60.2779,0.3973,0.639,0.3525,100000.0,0.6367,0
库洛米护手霜-175,美妆/个护,61.7722,-31.5216,0.4189,0.0979,0.1536,0.2905,0.369,0.3257,57.6002,0.7079,0.3054,32.1406,0.7506,32.1458,0.2287,0.4148,0.185,67626.2579,0.7464,1
大豆蜡香氛蜡烛-176,家居/香氛,79.345,29.1498,0.2856,0.8469,0.1351,0.7283,0.1562,0.351,0.0,0.0,0.0,0.0,0.3886,69.5803,0.4812,0.6805,-0.002,477.2842,0.7552,0
原木扩香器-177,家居/香氛,69.9177,25.9069,0.3272,0.4662,0.1969,0.7457,0.1808,0.0372,100.0,0.8209,0.1744,7.0622,0.3753,100.0,0.3452,0.8477,0.2271,20067.2934,0.7754,0
Y2K印花T恤-178,服饰/穿搭,45.5479,47.2878,0.1501,0.3079,0.6738,0.1746,0.2137,0.3587,0.0,0.0,0.0,0.0,0.8462,54.1529,0.5774,0.3774,0.2321,407.2442,0.5747,1
草莓熊软糖-179,食品/零食,54.1186,-33.4744,0.5175,0.3432,0.1839,0.7467,0.3136,0.663,0.0,0.0,0.0,0.0,0.3895,24.9405,0.5184,0.5389,1.0,89.8738,0.7465,0
库洛米护手霜-180,美妆/个护,45.0559,-3.2879,0.5529,0.6864,0.1995,0.8348,0.2363,0.2909,0.0,0.0,0.0,0.0,0.6001,100.0,0.4743,0.4566,0.5373,2839.2874,0.7324,0
便携数据线-181,数码/配件,19.7034,44.4682,0.1657,0.0706,0.8067,0.4201,0.142,0.2634,0.0,0.0,0.0,0.0,0.3729,77.5287,0.6479,0.1078,0.1956,29103.8433,0.9236,0
磁吸充电宝-182,数码/配件,86.3995,32.943,0.7034,0.5885,0.2644,0.4455,0.2302,0.4256,77.4091,0.554,0.7776,38.4788,0.582,30.0881,0.4416,0.7723,0.658,4192.5733,0.8351,1
多巴胺配色袜子-183,服饰/穿搭,57.9309,36.0919,0.7239,0.1448,0.3369,0.6779,0.1002,0.6471,64.5615,0.7866,0.4297,51.2706,0.9192,39.6535,0.8306,0.4584,0.8108,5522.2132,0.5596,1
侘寂风线香-184,家居/香氛,17.7302,-21.4861,0.0366,0.4614,0.0471,0.2981,0.1463,0.6051,91.1426,0.3439,0.5879,32.2503,0.4216,35.4638,0.2888,0.7955,0.6484,9297.7838,0.7028,0
拼装模型-185,玩具/文创,45.3126,31.2673,0.5529,0.2773,0.1008,0.0395,0.1812,0.0143,48.5482,0.5804,0.301,33.2004,0.5759,12.2042,0.4971,0.6042,-0.0879,2982.4412,0.7072,0
治愈系毛绒挂件-186,玩具/文创,57.6504,-49.3021,0.5224,0.2424,0.4822,0.1175,0.6986,0.5769,0.0,0.0,0.0,0.0,0.3482,51.041,0.463,0.6348,0.0145,6464.7144,0.6847,0
侘寂风线香-187,家居/香氛,31.09,-9.6278,0.1532,0.5309,0.588,0.7331,0.5182,0.2772,0.0,0.0,0.0,0.0,0.5561,35.242,0.4172,0.2476,0.4571,3650.6943,0.2824,0
IP联名徽章套装-188,玩具/文创,74.8455,12.5471,0.3515,0.3197,0.6111,0.4042,0.3263,0.8204,64.2754,0.4543,0.1247,23.9631,0.9001,68.6589,0.5904,0.8187,-0.1023,2702.7901,0.6068,1
联名饮料-189,食品/零食,51.9397,-5.8674,0.427,0.1815,0.2268,0.6698,0.1928,0.4945,69.8452,0.7542,0.5981,48.3758,0.3761,61.6437,0.2094,0.4291,0.1349,5852.6378,0.5109,0
舒缓精华液-190,美妆/个护,29.4007,51.2878,0.1694,0.3591,0.1365,0.5528,0.1839,0.3609,56.1008,0.2436,0.4857,43.9062,0.6459,50.9529,0.3285,0.6316,0.0102,1744.8974,0.797,0
原木扩香器-191,家居/香氛,64.439,-11.2342,0.2138,0.3861,0.2633,0.4457,0.8704,0.5541,77.3987,0.838,0.3499,43.5041,0.8639,50.1793,0.7945,0.3968,-0.2648,6155.5597,0.7617,0
侘寂风线香-192,家居/香氛,72.5405,17.6521,0.6239,0.3808,0.6237,0.6874,0.3598,0.3412,0.0,0.0,0.0,0.0,0.5139,45.2642,0.8107,0.1397,-0.6089,2597.9491,0.9019,0
哈利波特盲盒-193,玩具/文创,50.7834,10.6899,0.6766,0.0528,0.2641,0.0583,0.3715,0.375,64.4904,0.6727,0.6775,34.5988,0.4325,57.8507,0.715,0.5324,-0.3871,1826.9096,0.3224,0
IP联名手机壳-194,数码/配件,29.9545,-20.6379,0.2484,0.4204,0.0962,0.2143,0.1653,0.6281,0.0,0.0,0.0,0.0,0.679,59.9976,0.5761,0.2622,0.5791,4608.3992,0.6822,0
IP联名卫衣-195,服饰/穿搭,41.668,3.5601,0.3411,0.5246,0.206,0.7984,0.389,0.7191,70.8319,0.7266,0.6759,49.984,0.8947,60.9608,0.285,0.386,0.081,342.7017,0.5776,1
治愈系毛绒挂件-196,玩具/文创,52.4263,65.0287,0.3884,0.4458,0.1893,0.4767,0.0823,0.2885,51.7511,0.7481,0.5528,61.1386,0.4711,45.8979,0.6883,0.5771,0.8265,8232.8411,0.706,0
拼装模型-197,玩具/文创,73.1743,35.1766,0.3102,0.3211,0.3613,0.589,0.1423,0.8223,79.3565,0.4322,0.0804,16.1656,0.9221,100.0,0.6685,0.4939,-0.0393,3804.2969,0.7155,1
多巴胺配色袜子-198,服饰/穿搭,8.2226,44.0969,0.2914,0.4073,0.2555,0.5478,0.6158,0.2689,81.5847,0.8259,0.3134,29.2092,0.7767,42.9005,0.5675,0.31,0.6001,47094.2944,0.8367,1
草莓熊软糖-199,食品/零食,11.5518,-8.6165,0.5647,0.4722,0.5302,0.5626,0.1393,0.2902,0.0,0.0,0.0,0.0,0.7847,28.7578,0.3259,0.4955,-0.2378,314.6754,0.9643,0
便携数据线-200,数码/配件,39.5812,38.8527,0.6649,0.6383,0.1629,0.4422,0.1886,0.2489,96.467,0.9517,0.6552,5.6705,0.3398,47.3692,0.2224,0.3617,-0.2058,2022.128,0.6772,0
磁吸充电宝-201,数码/配件,88.8552,89.2152,0.5014,0.1393,0.5095,0.6216,0.2193,0.5395,71.4807,0.8905,0.1152,60.8282,0.8669,68.9316,0.4814,0.4272,0.7757,64567.1708,0.9895,1
治愈系礼盒-202,食品/零食,26.3656,7.4536,0.7069,0.7992,0.6786,0.8264,0.4845,0.6484,0.0,0.0,0.0,0.0,0.6547,38.9927,0.6348,0.7629,0.4486,40864.5218,0.9172,0
治愈系毛绒挂件-203,玩具/文创,67.374,40.6661,0.7479,0.5616,0.2642,0.5919,0.0951,0.7555,75.6221,0.6681,0.2171,71.9023,0.6039,2.3973,0.2737,0.6937,1.0,1055.4304,0.2128,1
限定口味薯片-204,食品/零食,50.9528,-50.0,0.532,0.0924,0.443,0.6866,0.1875,0.7341,78.2539,0.6603,0.3136,28.4504,0.7814,77.6606,0.6518,0.7377,0.0858,24736.9933,0.7732,1
治愈系毛绒抱枕-205,家居/装饰,75.7858,15.6071,0.2385,0.4062,0.2656,0.6624,0.2707,0.5557,100.0,0.6553,0.1283,32.1635,0.5112,100.0,0.3797,0.7163,0.8726,1128.1069,0.7406,1
Y2K印花T恤-206,服饰/穿搭,21.6745,-3.8769,0.3517,0.6483,0.2358,0.2807,0.3478,0.8258,0.0,0.0,0.0,0.0,0.5273,56.0641,0.5947,0.5004,-0.2274,1769.4378,0.8747,0
限定口味薯片-207,食品/零食,47.1761,30.0277,0.851,0.4768,0.4367,0.7625,0.5952,0.6687,78.8591,0.5181,0.7016,41.0772,0.7321,37.5481,0.591,0.6092,-0.9103,1205.2987,0.6911,0
侘寂风面膜-208,美妆/个护,42.7523,18.3989,0.2503,0.1957,0.0729,0.2463,0.0634,0.3644,0.0,0.0,0.0,0.0,0.2138,50.8979,0.6979,0.0528,0.0796,669.253,0.5699,0
联名饮料-209,食品/零食,59.4669,-1.1358,0.2155,0.1411,0.4451,0.2534,0.2101,0.8876,86.7898,0.8453,0.1891,46.6204,0.8194,35.4257,0.3365,0.3748,-0.1793,1174.6995,0.8552,0
机械键盘键帽-210,数码/配件,64.3755,62.3358,0.8109,0.4986,0.4741,0.2669,0.0472,0.605,65.1257,0.6281,0.5071,35.828,0.6589,56.9976,0.6964,0.5252,-0.0804,15072.508,0.4843,0
联名饮料-211,食品/零食,38.928,33.4177,0.6134,0.2315,0.3615,0.5581,0.2208,0.8836,62.9308,0.7598,0.2465,49.253,0.5038,76.5685,0.4155,0.0611,-0.3726,5055.1768,0.8594,0
草莓熊软糖-212,食品/零食,52.1623,70.2427,0.3549,0.5802,0.4856,0.4248,0.2681,0.7726,88.2369,0.9647,0.794,64.2957,0.3507,36.6142,0.2948,0.0751,-0.1958,138.502,0.7013,1
IP联名徽章套装-213,玩具/文创,59.1666,6.6939,0.5502,0.4863,0.5452,0.5224,0.2221,0.2531,82.2634,0.6124,0.7477,46.1573,0.7385,56.1696,0.3008,0.2838,0.734,15127.4007,0.877,1
治愈系毛绒挂件-214,玩具/文创,73.9961,35.3029,0.2973,0.1049,0.4535,0.7367,0.5195,0.2092,75.2767,0.4637,0.1312,42.182,0.6524,35.2616,0.757,0.3092,0.4754,251.1794,0.7841,0
治愈系毛绒抱枕-215,家居/装饰,100.0,56.8142,0.8104,0.3611,0.3047,0.686,0.0909,0.6541,91.3933,0.6544,0.4105,64.8618,0.7864,31.8696,0.2292,0.3075,-0.4362,8721.561,0.4701,0
治愈系礼盒-216,食品/零食,58.7488,15.9424,0.3011,0.5792,0.3329,0.7657,0.0768,0.4753,71.4819,0.8007,0.355,58.7319,0.8566,17.1358,0.3659,0.3946,1.0,994.5046,0.6545,1
原木扩香器-217,家居/香氛,79.1738,-23.4951,0.887,0.3102,0.096,0.1604,0.3481,0.3078,0.0,0.0,0.0,0.0,0.641,81.1629,0.6114,0.4703,0.4168,294.235,0.7651,0
库洛米护手霜-218,美妆/个护,33.7258,46.4539,0.7386,0.6924,0.3025,0.6284,0.493,0.2816,94.9812,0.4026,0.267,22.696,0.5846,28.4978,0.6126,0.6452,0.1814,4325.4865,0.9266,0
柯南手办-219,玩具/文创,43.0226,26.321,0.8453,0.5688,0.1723,0.3294,0.6904,0.5017,54.5341,0.5186,0.1527,17.825,0.514,41.4095,0.4609,0.5343,-0.3772,5365.5632,0.6608,1
IP联名香薰-220,家居/香氛,54.4488,4.1098,0.3262,0.5852,0.1833,0.5286,0.1432,0.4195,62.9396,0.4746,0.4177,35.1896,0.5905,48.0463,0.6007,0.2343,0.4071,4412.4218,0.7432,0
IP联名洗护套装-221,美妆/个护,62.3462,-9.0186,0.5998,0.2748,0.2484,0.2773,0.2359,0.4739,0.0,0.0,0.0,0.0,0.5135,27.434,0.7751,0.4958,0.3928,4937.4012,0.7644,0
蓝牙耳机保护套-222,数码/配件,17.8425,-47.3263,0.8612,0.2733,0.1517,0.7115,0.3397,0.7127,0.0,0.0,0.0,0.0,0.3314,77.9962,0.5374,0.4691,-0.4159,2750.6635,0.6164,0
治愈系礼盒-223,食品/零食,65.4871,2.738,0.8891,0.4196,0.4144,0.445,0.3247,0.5614,100.0,0.7921,0.4237,34.6607,0.4968,36.2995,0.7272,0.0401,1.0,24596.1783,0.5162,0
侘寂风线香-224,家居/香氛,27.4588,-1.2757,0.5326,0.1074,0.1389,0.6768,0.243,0.5973,80.4839,0.743,0.7376,54.4521,0.6173,65.5902,0.2523,0.4254,0.3835,1396.085,0.7066,0
极简风帆布包-225,服饰/穿搭,60.6267,19.2064,0.6118,0.3493,0.2338,0.1464,0.1991,0.6262,0.0,0.0,0.0,0.0,0.6642,21.7474,0.673,0.1621,-0.4729,326.4764,0.5769,0
IP联名香薰-226,家居/香氛,58.8459,-29.6517,0.8306,0.6412,0.3268,0.7974,0.3079,0.2635,67.8061,0.7276,0.3818,37.5371,0.3037,39.958,0.2961,0.2043,0.3371,6663.4585,0.6773,0
治愈系毛绒抱枕-227,家居/装饰,42.3474,48.2345,0.2689,0.6675,0.1092,0.5912,0.162,0.7068,0.0,0.0,0.0,0.0,0.7317,36.54,0.7009,0.7803,0.0091,87.0127,0.8045,1
复古牛仔外套-228,服饰/穿搭,52.1682,-45.0704,0.3407,0.4769,0.5082,0.2415,0.5497,0.6949,0.0,0.0,0.0,0.0,0.684,38.5145,0.5166,0.478,0.6053,392.1929,0.8118,0
机械键盘键帽-229,数码/配件,64.3229,-34.7138,0.1009,0.4994,0.1504,0.4388,0.6268,0.7901,0.0,0.0,0.0,0.0,0.8477,42.4125,0.2385,0.5628,0.3671,1350.3951,0.5054,1
IP联名相框-230,家居/装饰,16.9165,40.012,0.7622,0.1557,0.7389,0.3825,0.3123,0.365,69.833,0.7905,0.5718,43.4024,0.2556,37.6481,0.68,0.7553,0.0743,1273.4367,0.7873,0
侘寂风线香-231,家居/香氛,26.9316,-11.3069,0.7882,0.1001,0.1218,0.4741,0.6442,0.1464,75.3166,0.7873,0.4363,18.3453,0.8837,73.6288,0.2998,0.2319,0.3645,1522.7117,0.7065,0
拼装模型-232,玩具/文创,66.315,35.3115,0.5881,0.1701,0.1921,0.4919,0.1282,0.3463,0.0,0.0,0.0,0.0,0.5322,76.5488,0.5356,0.2723,-0.8776,36953.115,0.8718,0
IP联名相框-233,家居/装饰,37.7217,33.541,0.6227,0.5109,0.4439,0.4266,0.1925,0.1953,83.2626,0.6073,0.3241,82.4816,0.7624,83.5395,0.7253,0.6808,1.0,39210.7123,0.4289,1
治愈系扩香石-234,家居/香氛,25.761,-21.0965,0.6763,0.3791,0.233,0.7397,0.1791,0.141,0.0,0.0,0.0,0.0,0.8152,15.8944,0.617,0.3921,0.3293,1041.6251,0.894,0
柯南手办-235,玩具/文创,45.8606,38.687,0.3376,0.2372,0.5957,0.6388,0.3611,0.2968,0.0,0.0,0.0,0.0,0.2079,63.323,0.7666,0.4802,0.259,662.7162,0.5672,0
多巴胺配色袜子-236,服饰/穿搭,43.3283,50.8255,0.6124,0.0955,0.8153,0.5128,0.0953,0.0435,100.0,0.8432,0.2144,78.9992,0.5702,80.6756,0.7242,0.4154,0.0676,8563.6189,0.8527,1
治愈系毛绒抱枕-237,家居/装饰,62.9748,16.6469,0.6153,0.2367,0.2435,0.52,0.2819,0.9567,73.8502,0.7761,0.4059,31.4824,0.1851,55.1902,0.4596,0.579,0.0716,3358.9354,0.7349,0
草莓熊软糖-238,食品/零食,21.8959,10.9838,0.5913,0.0367,0.0871,0.4649,0.2882,0.3654,86.4684,0.767,0.3512,54.4282,0.5559,33.9562,0.0612,0.6813,0.3019,50933.4751,0.9388,0
IP联名手机壳-239,数码/配件,79.371,21.8562,0.6523,0.571,0.5218,0.4887,0.3461,0.311,77.0329,0.8451,0.1418,52.1586,0.091,38.4171,0.5652,0.727,0.776,7524.6616,0.5944,0
库洛米护手霜-240,美妆/个护,60.307,35.715,0.638,0.474,0.71,0.5733,0.0992,0.6109,51.8793,0.5752,0.4748,39.2627,0.0951,47.9237,0.324,0.623,0.1557,3887.3661,0.6477,0
治愈系扩香石-241,家居/香氛,61.1888,52.9524,0.4128,0.4,0.3763,0.5884,0.1613,0.4918,83.5196,0.6097,0.8231,31.817,0.458,73.7113,0.8124,0.1662,-0.0176,1078.933,0.4113,0
多巴胺唇釉-242,美妆/个护,20.0565,16.8426,0.376,0.4595,0.1914,0.1334,0.1355,0.4966,0.0,0.0,0.0,0.0,0.5393,49.6172,0.7794,0.7253,-0.3439,7299.5909,0.6335,0
IP联名洗护套装-243,美妆/个护,41.7187,-25.0612,0.3521,0.2763,0.4611,0.6279,0.5237,0.4543,0.0,0.0,0.0,0.0,0.84,56.0419,0.5751,0.2584,0.4988,447.3418,0.8801,0
柯南手办-244,玩具/文创,90.7046,-6.4622,0.519,0.3024,0.1441,0.5642,0.1445,0.6912,100.0,0.4853,0.2663,66.5544,0.5945,48.1076,0.466,0.5886,-0.0051,7197.6498,0.7942,1
IP联名巧克力-245,食品/零食,68.5869,58.7239,0.8809,0.2752,0.5374,0.2292,0.2684,0.7004,0.0,0.0,0.0,0.0,0.6343,60.8849,0.4776,0.1509,0.7577,4189.5622,0.4965,0
极简风帆布包-246,服饰/穿搭,58.5462,27.3678,0.4589,0.564,0.5,0.5786,0.0729,0.3128,57.671,0.6269,0.4328,15.3131,0.279,42.7684,0.2368,0.1777,0.3929,9481.2438,0.5866,0
手工陶艺花瓶-247,家居/装饰,48.6179,21.1623,0.1288,0.1498,0.7516,0.597,0.2774,0.4093,0.0,0.0,0.0,0.0,0.468,29.8227,0.5041,0.0825,-0.3861,344.2433,0.8416,0
复古牛仔外套-248,服饰/穿搭,19.32,20.6518,0.5147,0.797,0.4775,0.0586,0.8537,0.2662,89.0918,0.4864,0.4988,44.7827,0.6774,63.5271,0.6898,0.3413,0.1991,185.2351,0.7906,0
治愈系礼盒-249,食品/零食,41.2126,14.9018,0.1357,0.6511,0.3628,0.918,0.2449,0.3836,0.0,0.0,0.0,0.0,0.5991,98.3034,0.3966,0.2781,-0.1088,27078.9478,0.7888,0
便携数据线-250,数码/配件,52.3411,8.8513,0.2577,0.5915,0.2458,0.7988,0.2903,0.4741,69.9386,0.4472,0.3346,43.2729,0.73,30.2533,0.6721,0.61,0.4831,125.1688,0.8222,0
IP联名卫衣-251,服饰/穿搭,41.7881,-50.0,0.3892,0.457,0.1691,0.6784,0.4883,0.4869,71.3717,0.4754,0.6856,0.6002,0.5415,53.4548,0.4364,0.3866,-0.4636,346.9199,0.7807,0
IP联名相框-252,家居/装饰,61.0276,62.9288,0.7352,0.3905,0.4207,0.5289,0.5439,0.6154,0.0,0.0,0.0,0.0,0.7014,5.8029,0.3935,0.196,0.0567,5875.9215,0.628,0
原木扩香器-253,家居/香氛,49.6408,25.0103,0.3443,0.2263,0.206,0.5395,0.4074,0.7949,0.0,0.0,0.0,0.0,0.9194,47.4747,0.1809,0.3468,-0.4699,34191.7098,0.5276,0
拼装模型-254,玩具/文创,77.6417,-2.945,0.3826,0.4466,0.2094,0.2802,0.2062,0.1536,53.6233,0.6991,0.6523,60.3144,0.3302,39.7698,0.3372,0.2077,0.2046,2882.886,0.5976,0
手工陶艺花瓶-255,家居/装饰,22.9944,-50.0,0.6647,0.1017,0.439,0.3418,0.4813,0.6262,84.1467,0.7571,0.4481,60.4338,0.5667,76.9546,0.781,0.2287,0.1934,1021.577,0.8222,0
柯南手办-256,玩具/文创,20.1512,25.8835,0.4967,0.222,0.0278,0.749,0.278,0.4139,79.5694,0.5247,0.7306,22.8447,0.7443,50.7224,0.4694,0.6656,0.9151,3935.8147,0.684,1
草莓熊摆件-257,家居/装饰,40.1268,40.0736,0.2125,0.3854,0.3753,0.4659,0.3586,0.5592,0.0,0.0,0.0,0.0,0.4779,83.3318,0.7202,0.372,0.648,12055.1681,0.6073,0
蓝牙耳机保护套-258,数码/配件,48.9696,9.5049,0.1689,0.7309,0.1578,0.5868,0.199,0.7895,0.0,0.0,0.0,0.0,0.702,42.5178,0.4066,0.5726,0.6569,23928.3554,0.798,0
Y2K印花T恤-259,服饰/穿搭,29.7145,-30.4759,0.7866,0.3105,0.7016,0.6818,0.1981,0.6745,0.0,0.0,0.0,0.0,0.7135,62.372,0.7835,0.8497,0.8117,4393.7769,0.8119,0
草莓熊摆件-260,家居/装饰,41.8613,37.2653,0.8544,0.4342,0.2269,0.486,0.4286,0.4388,0.0,0.0,0.0,0.0,0.7909,62.2662,0.5839,0.1857,0.3741,9499.7929,0.8582,0
草莓熊摆件-261,家居/装饰,59.663,7.2108,0.6982,0.2017,0.1712,0.3917,0.2202,0.6198,75.3496,0.8394,0.0356,46.9891,0.6593,12.9003,0.265,0.1315,0.1806,3639.2554,0.4122,0
治愈系礼盒-262,食品/零食,50.0749,31.207,0.0664,0.104,0.6174,0.6742,0.4207,0.5918,55.1791,0.7747,0.253,29.8546,0.6328,61.3295,0.3983,0.2224,0.2369,3598.5254,0.9403,0
舒缓精华液-263,美妆/个护,0.0,-14.5241,0.7878,0.2742,0.4046,0.6622,0.2867,0.5326,58.1195,0.4792,0.7256,35.4437,0.3965,68.5581,0.557,0.5823,0.0173,327.1272,0.9309,0
IP联名相框-264,家居/装饰,30.5254,-32.3898,0.6373,0.1956,0.3041,0.646,0.2742,0.3236,76.6066,0.3615,0.2634,48.5443,0.373,38.9887,0.5625,0.4246,0.8069,1835.6259,0.8345,0
IP联名相框-265,家居/装饰,56.998,52.1582,0.3537,0.567,0.5995,0.4737,0.3977,0.8185,0.0,0.0,0.0,0.0,0.7644,70.8456,0.3331,0.5362,-0.199,5036.7982,0.4726,1
草莓熊软糖-266,食品/零食,98.386,1.9355,0.7141,0.6461,0.3792,0.516,0.1166,0.7962,0.0,0.0,0.0,0.0,0.7674,69.7089,0.4622,0.1798,0.7031,9311.4266,0.9256,0
蓝牙耳机保护套-267,数码/配件,24.575,4.986,0.8016,0.8003,0.1114,0.5704,0.1543,0.2936,61.0912,0.6734,0.3213,36.9969,0.6727,61.4116,0.6418,0.32,0.0691,2069.9698,0.5145,0
IP联名徽章套装-268,玩具/文创,11.6587,-34.4524,0.2984,0.4878,0.2926,0.0817,0.5575,0.784,77.0218,0.3238,0.1834,44.9321,0.5561,48.2339,0.4747,0.566,0.662,6610.9981,0.5253,0
库洛米护手霜-269,美妆/个护,33.7256,44.0395,0.2282,0.4188,0.0277,0.09,0.2075,0.7313,74.07,0.7061,0.7067,36.8545,0.8444,52.8272,0.3634,0.292,1.0,18508.9915,0.5492,1
库洛米护手霜-270,美妆/个护,60.0431,-8.8375,0.5057,0.4993,0.2401,0.8624,0.2862,0.1394,83.7575,0.3454,0.3221,46.459,0.6051,67.9597,0.4869,0.3167,1.0,10455.692,0.7147,1
多巴胺唇釉-271,美妆/个护,56.9207,-15.5984,0.3296,0.4804,0.4032,0.1936,0.1292,0.5203,0.0,0.0,0.0,0.0,0.7409,16.907,0.19,0.4179,0.5404,700.0441,0.6093,0
便携数据线-272,数码/配件,81.9054,-20.6352,0.6467,0.5646,0.1994,0.244,0.341,0.4492,0.0,0.0,0.0,0.0,0.6617,53.5667,0.2069,0.1204,0.4915,4303.3033,0.7927,0
侘寂风线香-273,家居/香氛,46.2513,44.375,0.8674,0.2947,0.4062,0.152,0.2645,0.9168,0.0,0.0,0.0,0.0,0.2691,59.2137,0.5915,0.173,0.8906,5217.2656,0.5336,0
多巴胺唇釉-274,美妆/个护,48.5201,7.0378,0.1882,0.1347,0.3592,0.4738,0.0942,0.8406,0.0,0.0,0.0,0.0,0.5062,39.4527,0.6509,0.1863,0.74,4301.9586,0.8765,0
极简风帆布包-275,服饰/穿搭,36.5255,49.3357,0.7908,0.571,0.3805,0.7369,0.0657,0.3588,82.5284,0.4428,0.1677,28.7088,0.4097,40.4311,0.4888,0.1703,-0.1694,32363.9121,0.8739,0
机械键盘键帽-276,数码/配件,50.3725,-41.0824,0.7933,0.3357,0.3615,0.3736,0.2888,0.6203,0.0,0.0,0.0,0.0,0.7161,71.5809,0.2218,0.1765,0.2783,1689.2089,0.9649,0
哈利波特盲盒-277,玩具/文创,33.0996,27.9897,0.8696,0.1104,0.1041,0.8295,0.1472,0.6037,0.0,0.0,0.0,0.0,0.4391,50.2809,0.3106,0.2619,-0.0264,2336.4781,0.6986,0
手工陶艺花瓶-278,家居/装饰,21.1182,-20.9906,0.2868,0.3058,0.3266,0.4175,0.1406,0.6667,53.1116,0.6633,0.0812,32.8971,0.5964,72.769,0.4003,0.1247,0.2545,14293.5521,0.6089,0
舒缓精华液-279,美妆/个护,28.0964,-19.6378,0.2282,0.248,0.3059,0.1917,0.0284,0.5524,82.7348,0.6737,0.1708,24.3985,0.1291,69.0632,0.7849,0.1422,0.7378,1270.1075,0.7723,0
库洛米护手霜-280,美妆/个护,53.5109,-0.4004,0.4981,0.3888,0.3817,0.2089,0.0842,0.7277,0.0,0.0,0.0,0.0,0.9307,43.8516,0.5395,0.1617,0.0192,493.4753,0.7647,0
多巴胺唇釉-281,美妆/个护,59.9811,83.7848,0.777,0.2927,0.0155,0.5578,0.3437,0.8354,0.0,0.0,0.0,0.0,0.6325,76.3076,0.4459,0.4126,0.6391,21159.3605,0.7064,1
IP联名洗护套装-282,美妆/个护,52.5528,27.5407,0.7639,0.3969,0.338,0.6171,0.5782,0.4867,0.0,0.0,0.0,0.0,0.7987,78.838,0.5098,0.7966,0.3059,31205.4248,0.7459,0
大豆蜡香氛蜡烛-283,家居/香氛,30.9628,62.9695,0.5954,0.7578,0.4032,0.4264,0.3528,0.6275,78.8935,0.9521,0.3119,74.6106,0.422,59.6489,0.4943,0.3024,0.0804,996.1146,0.744,1
拼装模型-284,玩具/文创,63.3323,57.7101,0.4243,0.0855,0.1893,0.0937,0.6896,0.7275,0.0,0.0,0.0,0.0,0.6361,30.7114,0.2306,0.4457,-0.0849,1895.5432,0.4787,0
舒缓精华液-285,美妆/个护,49.86,28.588,0.3151,0.72,0.3045,0.2631,0.2137,0.8696,0.0,0.0,0.0,0.0,0.8769,39.1725,0.6245,0.8894,-0.0591,10902.8423,0.5548,0
原木收纳盒-286,家居/装饰,36.3036,-12.5939,0.9699,0.564,0.2517,0.611,0.4321,0.7269,72.5467,0.7093,0.4092,53.8066,0.5969,94.1426,0.4462,0.1271,-0.2687,7563.381,0.6213,0
IP联名巧克力-287,食品/零食,64.3998,-13.644,0.2179,0.1104,0.1335,0.1592,0.4491,0.4333,71.9298,0.8926,0.4857,69.5935,0.4027,52.6787,0.3732,0.5043,0.8726,21014.9428,0.9127,1
侘寂风线香-288,家居/香氛,45.5664,76.8553,0.7703,0.1598,0.0885,0.5052,0.0494,0.674,0.0,0.0,0.0,0.0,0.7033,76.1283,0.5074,0.7615,0.1955,1812.2469,0.6112,0
库洛米护手霜-289,美妆/个护,34.8339,-29.0382,0.3666,0.1848,0.3592,0.9084,0.4236,0.9151,0.0,0.0,0.0,0.0,0.6195,22.706,0.2428,0.4563,0.4088,3023.7774,0.8387,0
手工陶艺花瓶-290,家居/装饰,51.3067,-15.6326,0.5138,0.4211,0.4476,0.4014,0.2048,0.6855,0.0,0.0,0.0,0.0,0.4375,63.8083,0.6247,0.1657,0.0222,1314.8222,0.3522,0
复古牛仔外套-291,服饰/穿搭,37.4343,-0.1706,0.8054,0.2085,0.1858,0.5346,0.5472,0.8277,0.0,0.0,0.0,0.0,0.7891,53.1586,0.6458,0.3824,0.146,12440.9759,0.8976,0
治愈系扩香石-292,家居/香氛,37.1226,36.5638,0.6238,0.5807,0.1135,0.4726,0.1713,0.8916,42.499,0.7588,0.7761,41.7927,0.6406,48.1946,0.491,0.3092,0.0299,18932.647,0.8503,1
便携数据线-293,数码/配件,55.6357,47.4152,0.7592,0.5814,0.218,0.3061,0.2639,0.2809,0.0,0.0,0.0,0.0,0.6745,45.2517,0.8232,0.2604,0.8052,6593.0195,0.5476,0
磁吸充电宝-294,数码/配件,47.255,6.2352,0.4142,0.4579,0.2347,0.5539,0.0852,0.6817,81.7577,0.8476,0.5757,45.8169,0.643,19.6917,0.4002,0.7337,-0.2072,3439.81,0.7342,1
原木收纳盒-295,家居/装饰,58.3352,21.2131,0.2999,0.5965,0.4174,0.8182,0.2057,0.1362,0.0,0.0,0.0,0.0,0.3696,60.4597,0.4337,0.0964,0.4123,35879.3555,0.6346,0
联名饮料-296,食品/零食,41.0626,50.7605,0.5899,0.6956,0.4536,0.617,0.1967,0.4617,78.5199,0.5651,0.3088,64.5368,0.7633,50.1176,0.5544,0.5802,0.9398,935.6221,0.7168,1
大豆蜡香氛蜡烛-297,家居/香氛,30.5031,-8.4442,0.2676,0.6115,0.5409,0.0216,0.2862,0.3029,68.7844,0.6177,0.2124,18.7775,0.7564,50.7727,0.5781,0.2829,0.5577,4795.564,0.9494,0
侘寂风面膜-298,美妆/个护,35.2244,56.5254,0.0299,0.55,0.5271,0.2919,0.2125,0.417,0.0,0.0,0.0,0.0,0.4858,25.2194,0.6379,0.6091,0.3107,5161.7213,0.8616,0
便携数据线-299,数码/配件,68.4088,-42.747,0.4698,0.4148,0.1289,0.4472,0.143,0.6209,82.7167,0.792,0.398,40.6323,0.8118,52.8342,0.7708,0.2106,0.1029,13649.464,0.963,1
治愈系毛绒挂件-300,玩具/文创,62.8423,16.2094,0.8254,0.6548,0.459,0.5617,0.3497,0.9773,0.0,0.0,0.0,0.0,0.3951,52.1335,0.6833,0.169,0.6001,1998.3423,0.8402,0
IP联名相框-301,家居/装饰,27.7341,28.3945,0.6772,0.3287,0.564,0.69,0.2137,0.3179,0.0,0.0,0.0,0.0,0.8518,62.0938,0.6684,0.1125,0.2375,7420.3623,0.6558,0
治愈系毛绒挂件-302,玩具/文创,40.5314,29.1668,0.6319,0.6521,0.3048,0.7112,0.3469,0.3177,0.0,0.0,0.0,0.0,0.8025,46.5911,0.5572,0.7785,0.1893,3349.7209,0.6664,0
IP联名香薰-303,家居/香氛,69.9573,-23.8923,0.8555,0.1458,0.3092,0.5986,0.0952,0.8738,79.4896,0.3612,0.7085,37.2704,0.798,41.1862,0.6289,0.2556,-0.7446,1083.2581,0.7569,0
草莓熊摆件-304,家居/装饰,22.8493,4.3228,0.2425,0.5267,0.0717,0.4302,0.4377,0.7498,0.0,0.0,0.0,0.0,0.6508,100.0,0.5748,0.091,0.2559,14914.0534,0.8819,0
多巴胺配色袜子-305,服饰/穿搭,29.1418,5.5299,0.7897,0.346,0.2603,0.3857,0.2202,0.4686,0.0,0.0,0.0,0.0,0.8323,69.6502,0.4351,0.0805,0.3785,8449.9322,0.8252,0
IP联名香薰-306,家居/香氛,62.6552,55.8971,0.7008,0.2213,0.2378,0.6741,0.4028,0.5859,72.3113,0.6772,0.3052,48.2368,0.5171,43.4897,0.4321,0.3138,0.5649,9853.3452,0.7618,1
草莓熊摆件-307,家居/装饰,31.2972,-4.8588,0.6707,0.2215,0.2259,0.8712,0.1968,0.6344,61.2742,0.7798,0.6995,42.9675,0.7571,58.3956,0.7525,0.6314,-0.2036,693.9872,0.8829,0
多巴胺唇釉-308,美妆/个护,53.553,15.696,0.3483,0.3491,0.2304,0.7535,0.116,0.4062,0.0,0.0,0.0,0.0,0.5145,35.8907,0.724,0.3928,1.0,6505.0306,0.6642,0
IP联名徽章套装-309,玩具/文创,4.9246,23.1601,0.5905,0.4116,0.35,0.8092,0.4432,0.8252,0.0,0.0,0.0,0.0,0.8462,32.13,0.5951,0.7845,-0.1531,2173.6141,0.7189,0
舒缓精华液-310,美妆/个护,56.0544,5.9799,0.4622,0.4236,0.3186,0.5921,0.187,0.8684,0.0,0.0,0.0,0.0,0.6581,26.012,0.4625,0.563,0.8086,5314.3653,0.4554,0
舒缓精华液-311,美妆/个护,28.2272,13.7434,0.2117,0.1024,0.3551,0.6406,0.1391,0.4665,0.0,0.0,0.0,0.0,0.4027,26.7399,0.5871,0.7007,0.2835,1575.0971,0.6773,0
IP联名巧克力-312,食品/零食,58.9206,27.8931,0.51,0.7459,0.3402,0.6531,0.5993,0.833,80.9308,0.4078,0.4328,69.3244,0.261,79.5742,0.8477,0.2422,0.564,18769.7247,0.9118,1
手工陶艺花瓶-313,家居/装饰,49.6044,-41.6936,0.2521,0.3212,0.2059,0.5723,0.444,0.0716,79.5645,0.9015,0.7506,22.3833,0.8368,81.7928,0.1467,0.3471,0.2605,6036.6588,0.8279,0
侘寂风线香-314,家居/香氛,72.2775,7.5061,0.6984,0.8124,0.2589,0.2308,0.0969,0.5678,97.4294,0.3549,0.4952,67.828,0.7683,81.1191,0.1172,0.6358,-0.1343,10979.553,0.4751,1
哈利波特盲盒-315,玩具/文创,68.9845,34.6053,0.673,0.2897,0.2756,0.1919,0.3625,0.3737,0.0,0.0,0.0,0.0,0.3799,68.652,0.4888,0.5424,0.2273,9629.9364,0.7745,0
IP联名巧克力-316,食品/零食,54.9004,15.7616,0.5938,0.3383,0.158,0.5677,0.2129,0.4939,98.1237,0.5685,0.4259,23.4272,0.797,49.2562,0.4682,0.3556,0.1781,899.6307,0.5834,1
侘寂风线香-317,家居/香氛,46.3366,77.9237,0.6276,0.1524,0.3504,0.6243,0.3238,0.3924,99.1991,0.6438,0.7634,65.5053,0.5579,83.2706,0.7391,0.339,0.2384,1278.6803,0.8167,0
治愈系礼盒-318,食品/零食,15.1481,25.3794,0.6953,0.1264,0.5097,0.7735,0.4331,0.5747,0.0,0.0,0.0,0.0,0.3193,58.9066,0.5098,0.6926,0.7386,11581.345,0.9253,0
联名饮料-319,食品/零食,36.2732,58.4372,0.3875,0.3378,0.3675,0.4933,0.5309,0.2879,71.5386,0.6604,0.3755,36.8881,0.6507,69.375,0.4872,0.2743,0.8984,76212.9768,0.5912,1
治愈系毛绒挂件-320,玩具/文创,91.233,8.4109,0.3283,0.5203,0.1336,0.4955,0.0198,0.6558,48.0016,0.8647,0.5596,33.6561,0.8047,43.6594,0.5069,0.0333,1.0,38429.1175,0.8827,1
联名饮料-321,食品/零食,33.4699,29.0552,0.7942,0.4628,0.5211,0.618,0.7128,0.281,78.6155,0.3439,0.3066,61.4992,0.2756,65.9582,0.3074,0.3767,0.5529,4545.9934,0.7986,1
IP联名徽章套装-322,玩具/文创,61.5461,64.518,0.6494,0.6272,0.1495,0.503,0.3369,0.1275,80.72,0.9017,0.1023,20.8407,0.5506,100.0,0.7502,0.4068,0.4607,8862.1464,0.5653,0
原木扩香器-323,家居/香氛,36.8624,1.1389,0.9415,0.3213,0.3411,0.3712,0.1626,0.9423,76.2032,0.944,0.4519,57.627,0.4812,49.1278,0.2761,0.4146,-0.0467,7002.6724,0.8465,1
蓝牙耳机保护套-324,数码/配件,16.6867,44.693,0.692,0.4915,0.5455,0.7726,0.3073,0.6471,69.66,0.5504,0.4881,69.0783,0.3271,61.5079,0.1771,0.4875,0.5362,18350.0269,0.8296,1
机械键盘键帽-325,数码/配件,81.0506,-11.1054,0.6302,0.4028,0.3458,0.6593,0.3492,0.713,61.0743,0.7063,0.3994,40.8896,0.2495,49.8086,0.0714,0.7148,0.259,6677.5121,0.8324,1
IP联名卫衣-326,服饰/穿搭,31.3033,-23.6428,0.4656,0.1532,0.5046,0.5021,0.2704,0.111,0.0,0.0,0.0,0.0,0.463,63.0705,0.493,0.2199,0.3964,11641.4368,0.6595,0
联名饮料-327,食品/零食,51.4452,6.6554,0.3069,0.5906,0.312,0.5873,0.0631,0.4526,78.9778,0.8885,0.6519,47.1131,0.3922,95.3987,0.4544,0.3403,0.1921,9822.1025,0.73,0
草莓熊软糖-328,食品/零食,36.2263,47.2331,0.3795,0.5105,0.3939,0.4545,0.4231,0.2617,60.0961,0.6417,0.3003,15.5376,0.681,67.7,0.4396,0.687,0.2775,641.417,0.7168,0
治愈系扩香石-329,家居/香氛,53.4832,17.9936,0.404,0.292,0.6882,0.8155,0.438,0.0366,83.2536,0.6077,0.2565,46.7087,0.765,52.504,0.1844,0.6335,-0.1009,437.4756,0.6571,0
IP联名洗护套装-330,美妆/个护,78.9585,47.8693,0.4496,0.4034,0.192,0.4134,0.5197,0.2743,0.0,0.0,0.0,0.0,0.3912,61.0423,0.3306,0.4556,-0.0087,17721.1356,0.487,0
IP联名手机壳-331,数码/配件,30.1819,-23.1652,0.5713,0.6686,0.2289,0.322,0.6439,0.6386,0.0,0.0,0.0,0.0,0.6022,32.9797,0.6568,0.071,0.0267,6987.2986,0.6599,0
联名饮料-332,食品/零食,39.3566,-50.0,0.2652,0.5895,0.5863,0.5982,0.3237,0.698,59.1886,0.4424,0.1367,5.2918,0.2917,51.5871,0.2015,0.3781,0.1398,195.7535,0.9407,0
IP联名香薰-333,家居/香氛,26.0172,40.5683,0.828,0.492,0.2696,0.3263,0.4276,0.5877,95.5977,0.4499,0.2239,50.3266,0.5601,73.2631,0.8013,0.2423,0.0432,2079.6499,0.6427,1
治愈系扩香石-334,家居/香氛,69.2302,46.5456,0.7271,0.1998,0.535,0.6436,0.0646,0.386,0.0,0.0,0.0,0.0,0.6125,51.5307,0.3986,0.6942,0.3,3731.2355,0.9357,0
复古牛仔外套-335,服饰/穿搭,47.4304,1.975,0.4925,0.5936,0.6483,0.3511,0.112,0.5408,73.7427,0.9376,0.6051,35.8227,0.5519,62.9371,0.1994,0.3128,0.3679,2502.2015,0.7336,0
原木收纳盒-336,家居/装饰,30.5947,-14.0261,0.4438,0.2248,0.3288,0.6504,0.1458,0.0942,72.3683,0.7993,0.0982,5.6967,0.4894,70.2301,0.5221,0.4691,0.5849,18962.2945,0.9114,0
机械键盘键帽-337,数码/配件,76.9103,-43.9439,0.6409,0.2568,0.3291,0.1093,0.4915,0.7294,0.0,0.0,0.0,0.0,0.4824,57.202,0.6471,0.1799,0.5839,32902.1553,0.4413,0
大豆蜡香氛蜡烛-338,家居/香氛,56.9935,-23.3926,0.6942,0.0265,0.2201,0.4951,0.1166,0.1064,0.0,0.0,0.0,0.0,0.741,61.4144,0.7183,0.0784,-0.2464,1075.1131,0.4238,0
舒缓精华液-339,美妆/个护,40.4325,22.9572,0.4415,0.2305,0.398,0.3106,0.2855,0.7635,66.9321,0.6271,0.1961,33.4373,0.4151,55.1751,0.3925,0.2379,-0.383,744.6401,0.7529,0
治愈系扩香石-340,家居/香氛,29.7661,41.5268,0.6442,0.2698,0.4417,0.713,0.4312,0.4191,88.2596,0.838,0.3397,29.9321,0.5759,35.8733,0.7145,0.5102,-0.0176,1367.8523,0.4564,0
柯南手办-341,玩具/文创,75.2305,-6.504,0.4865,0.7056,0.2688,0.4124,0.4751,0.4078,72.0257,0.8875,0.4027,39.0195,0.21,55.785,0.8728,0.4902,-0.0339,4914.7898,0.7436,1
拼装模型-342,玩具/文创,34.7119,11.3256,0.2994,0.3402,0.1886,0.4612,0.2486,0.3021,0.0,0.0,0.0,0.0,0.6402,67.0089,0.7792,0.4478,0.9917,1443.9795,0.7207,0
蓝牙耳机保护套-343,数码/配件,28.0168,-47.3716,0.6943,0.6269,0.3474,0.3395,0.499,0.9202,0.0,0.0,0.0,0.0,0.447,38.7462,0.6428,0.5724,0.2897,1735.5433,0.939,0
Y2K印花T恤-344,服饰/穿搭,46.0272,52.1066,0.4845,0.2253,0.5665,0.5298,0.0882,0.6908,0.0,0.0,0.0,0.0,0.3068,58.1714,0.6792,0.3734,0.0578,3685.166,0.7786,0
侘寂风面膜-345,美妆/个护,53.0876,-16.3869,0.7728,0.322,0.2995,0.8537,0.1427,0.6115,86.0907,0.9403,0.3525,51.063,0.3101,60.4544,0.8389,0.3913,-0.1761,3817.7857,0.5898,0
IP联名手机壳-346,数码/配件,23.5446,91.767,0.351,0.1577,0.4888,0.7006,0.3643,0.6442,56.372,0.8537,0.6492,36.6776,0.7321,82.7457,0.7542,0.361,0.5911,9118.6904,0.7355,0
舒缓精华液-347,美妆/个护,21.2137,20.0001,0.2938,0.8181,0.471,0.3613,0.5305,0.7414,71.8985,0.6692,0.5055,49.605,0.2228,40.645,0.4113,0.1617,0.1982,2903.1308,0.5705,0
IP联名徽章套装-348,玩具/文创,31.0255,56.7567,0.3836,0.6909,0.4807,0.711,0.2524,0.5257,0.0,0.0,0.0,0.0,0.2204,63.1843,0.759,0.3503,0.058,2282.8988,0.8145,0
蓝牙耳机保护套-349,数码/配件,68.6542,41.3183,0.5674,0.5864,0.3983,0.4302,0.3368,0.2855,0.0,0.0,0.0,0.0,0.3703,63.6789,0.3523,0.1868,-0.1887,13273.0366,0.973,0
治愈系礼盒-350,食品/零食,47.8706,-20.239,0.4349,0.1079,0.1209,0.1139,0.0889,0.5602,85.4328,0.8916,0.5809,55.1232,0.347,96.1241,0.4174,0.3869,1.0,3115.2792,0.3822,1
柯南手办-351,玩具/文创,52.5719,20.9445,0.7678,0.3841,0.269,0.2073,0.2824,0.6455,73.8378,0.8099,0.0825,38.5191,0.4621,37.8822,0.4501,0.1382,0.4826,1581.9063,0.6139,1
治愈系毛绒抱枕-352,家居/装饰,67.7889,78.1283,0.4819,0.3251,0.2843,0.0326,0.3028,0.4865,71.2252,0.6237,0.7828,36.557,0.4695,61.7783,0.4037,0.1515,0.5041,4829.0387,0.7568,1
拼装模型-353,玩具/文创,64.7013,15.6198,0.6454,0.3734,0.1468,0.6432,0.178,0.3562,0.0,0.0,0.0,0.0,0.3224,50.1689,0.43,0.2567,-0.2362,890.6184,0.8952,0
IP联名卫衣-354,服饰/穿搭,46.2207,-20.9998,0.9299,0.8734,0.3872,0.3881,0.5199,0.9088,0.0,0.0,0.0,0.0,0.703,71.001,0.3162,0.7756,0.3218,5500.7651,0.5403,1
IP联名巧克力-355,食品/零食,55.0779,-27.9754,0.6033,0.3346,0.3871,0.6916,0.0651,0.1211,0.0,0.0,0.0,0.0,0.6716,48.2351,0.7486,0.4287,0.7652,30598.555,0.5277,0
草莓熊摆件-356,家居/装饰,48.9391,-11.9772,0.6761,0.1086,0.1594,0.5515,0.2295,0.3825,70.5644,0.8919,0.0533,0.0,0.3875,62.7602,0.3362,0.5062,0.5434,25960.6586,0.6642,1
治愈系礼盒-357,食品/零食,16.5701,43.3635,0.2138,0.5008,0.7299,0.3853,0.2196,0.6002,60.0459,0.768,0.5882,62.2684,0.4614,62.805,0.2892,0.1707,0.4018,1146.5476,0.348,1
原木扩香器-358,家居/香氛,60.7243,18.4526,0.3784,0.5581,0.1725,0.748,0.5701,0.4456,0.0,0.0,0.0,0.0,0.7924,52.1502,0.0707,0.0511,0.774,1439.7893,0.9347,0
IP联名卫衣-359,服饰/穿搭,41.6928,-39.008,0.6641,0.4206,0.4482,0.9443,0.1792,0.2815,77.9775,0.1439,0.2981,48.9491,0.3999,58.0532,0.4275,0.5715,0.0116,1065.6012,0.6894,0
手工陶艺花瓶-360,家居/装饰,55.5846,28.7944,0.6322,0.7263,0.6774,0.2789,0.5529,0.7823,0.0,0.0,0.0,0.0,0.9245,55.7682,0.454,0.5549,0.9175,11040.9696,0.738,0
复古牛仔外套-361,服饰/穿搭,63.891,63.6416,0.5471,0.3089,0.2222,0.5014,0.2616,0.6173,0.0,0.0,0.0,0.0,0.4825,30.6591,0.4606,0.5837,0.1594,3865.0477,0.8482,0
IP联名香薰-362,家居/香氛,67.0538,-27.6673,0.7702,0.4165,0.5422,0.4181,0.1012,0.4965,61.9601,0.8532,0.7188,69.7324,0.4484,73.6243,0.8767,0.3471,-0.0834,10259.8036,0.5153,1
手工陶艺花瓶-363,家居/装饰,39.5474,39.7328,0.191,0.1649,0.1349,0.1845,0.1691,0.3013,87.3075,0.4099,0.3451,42.8767,0.6435,62.7655,0.6892,0.176,0.1837,4155.6385,0.4915,0
侘寂风面膜-364,美妆/个护,60.8814,49.2354,0.0841,0.5782,0.5154,0.3434,0.11,0.6384,0.0,0.0,0.0,0.0,0.524,83.0826,0.6187,0.8432,0.4535,3097.3752,0.785,1
Y2K印花T恤-365,服饰/穿搭,44.8713,27.3262,0.4202,0.2339,0.0922,0.7328,0.0441,0.791,0.0,0.0,0.0,0.0,0.6629,80.5277,0.6289,0.4572,-0.4439,7270.3821,0.7283,0
侘寂风面膜-366,美妆/个护,62.2204,-7.9489,0.5282,0.1061,0.6466,0.4993,0.6142,0.1546,47.156,0.9436,0.7024,17.7806,0.5295,45.9592,0.6087,0.5202,0.2497,11934.5246,0.7932,0
多巴胺配色袜子-367,服饰/穿搭,54.1701,26.045,0.7114,0.4029,0.4703,0.7176,0.2428,0.7017,84.8731,0.2337,0.2478,65.4998,0.2785,90.5069,0.3481,0.2187,-0.1813,27620.2391,0.6962,1
拼装模型-368,玩具/文创,43.5771,5.56,0.4991,0.3747,0.2967,0.7005,0.3419,0.6854,0.0,0.0,0.0,0.0,0.7683,55.3081,0.5136,0.1158,1.0,5724.9233,0.519,0
库洛米护手霜-369,美妆/个护,32.0767,0.1027,0.6007,0.3158,0.2825,0.4897,0.3831,0.4448,0.0,0.0,0.0,0.0,0.3097,48.4261,0.1692,0.3082,1.0,2029.8801,0.9454,0
联名饮料-370,食品/零食,44.7212,-35.9865,0.4677,0.1019,0.2736,0.5665,0.5123,0.4161,48.7016,0.8751,0.3242,66.7073,0.5757,38.2228,0.3741,0.2164,0.4676,2519.5687,0.636,0
草莓熊软糖-371,食品/零食,42.1677,100.0,0.2433,0.3588,0.2233,0.366,0.1725,0.699,91.3121,0.6302,0.6832,27.3887,0.3009,52.7952,0.5693,0.6762,0.2831,4761.4174,0.5945,1
IP联名相框-372,家居/装饰,46.4431,36.5869,0.0868,0.1902,0.4527,0.822,0.2432,0.6913,0.0,0.0,0.0,0.0,0.3505,66.1988,0.4113,0.6394,-0.0248,7800.695,0.7877,0
原木收纳盒-373,家居/装饰,63.1623,10.5227,0.1711,0.3032,0.1054,0.2386,0.227,0.1518,69.5105,0.8088,0.1856,62.3953,0.5267,68.5594,0.6311,0.6764,0.8276,295.1279,0.5263,1
原木收纳盒-374,家居/装饰,41.353,86.1712,0.8495,0.6363,0.1151,0.6833,0.4636,0.6518,99.2587,0.7191,0.414,28.5998,0.9255,100.0,0.6023,0.1972,0.5579,2672.1899,0.9012,1
多巴胺唇釉-375,美妆/个护,25.6487,-44.8693,0.7682,0.7426,0.2818,0.4629,0.3743,0.4663,0.0,0.0,0.0,0.0,0.4901,19.8206,0.7347,0.666,0.2478,100000.0,0.4299,0
磁吸充电宝-376,数码/配件,63.4176,72.5759,0.802,0.4097,0.3493,0.387,0.3184,0.8691,0.0,0.0,0.0,0.0,0.4242,80.1694,0.4165,0.3273,0.476,427.6122,0.8575,1
IP联名相框-377,家居/装饰,30.6505,27.7521,0.676,0.7104,0.2047,0.4046,0.0879,0.4114,0.0,0.0,0.0,0.0,0.4742,58.1487,0.4674,0.4773,0.2272,59406.223,0.7632,0
Y2K印花T恤-378,服饰/穿搭,5.9283,3.6055,0.3292,0.7989,0.4508,0.4799,0.2485,0.2264,0.0,0.0,0.0,0.0,0.4943,53.3834,0.6027,0.5302,0.0234,706.9237,0.6184,0
联名饮料-379,食品/零食,40.9909,2.5848,0.1491,0.288,0.5707,0.607,0.2463,0.4574,68.1351,0.5962,0.486,49.7595,0.6224,34.8716,0.396,0.4898,0.2271,1694.317,0.7552,1
侘寂风面膜-380,美妆/个护,52.6801,30.2497,0.4035,0.2478,0.1018,0.5753,0.6443,0.563,0.0,0.0,0.0,0.0,0.8421,20.9737,0.6979,0.5793,0.2046,6032.9701,0.7147,0
IP联名洗护套装-381,美妆/个护,44.138,-16.1382,0.1659,0.3526,0.1053,0.3305,0.1857,0.3108,0.0,0.0,0.0,0.0,0.2346,48.7362,0.6598,0.4988,0.756,493.5432,0.7139,0
IP联名徽章套装-382,玩具/文创,50.1495,99.7194,0.2976,0.6559,0.2649,0.5201,0.2393,0.5249,45.0447,0.8882,0.4423,38.3821,0.8877,57.0411,0.9294,0.5783,0.4401,4747.1125,0.8857,1
IP联名洗护套装-383,美妆/个护,54.4316,50.2253,0.1245,0.3475,0.4923,0.4149,0.229,0.8811,0.0,0.0,0.0,0.0,0.7647,66.0357,0.4035,0.6775,-0.1337,4464.0366,0.5477,0
治愈系毛绒挂件-384,玩具/文创,37.9851,58.5568,0.5011,0.5558,0.2283,0.1915,0.1145,0.7608,63.7134,0.706,0.7713,25.8356,0.6258,46.1129,0.4043,0.3554,-0.0014,102.5788,0.8247,0
极简风帆布包-385,服饰/穿搭,68.9842,-6.9819,0.3193,0.0675,0.2652,0.4608,0.072,0.693,83.125,0.8508,0.5133,35.9902,0.3262,59.1855,0.5377,0.2729,0.0713,16997.7964,0.9189,1
联名饮料-386,食品/零食,35.3161,17.4435,0.4167,0.3659,0.0946,0.4928,0.0345,0.3793,0.0,0.0,0.0,0.0,0.476,88.052,0.6886,0.0374,0.3753,7378.4253,0.6741,0
治愈系礼盒-387,食品/零食,56.8587,53.8233,0.2687,0.0936,0.5179,0.28,0.6723,0.7869,0.0,0.0,0.0,0.0,0.6572,43.4366,0.3286,0.6437,0.1105,6758.6807,0.7115,0
Y2K印花T恤-388,服饰/穿搭,52.485,48.308,0.6712,0.7583,0.0597,0.2112,0.0803,0.7472,0.0,0.0,0.0,0.0,0.861,67.4114,0.5825,0.3472,0.2804,2615.0867,0.5623,0
联名饮料-389,食品/零食,64.7527,37.2936,0.5719,0.0413,0.4881,0.8358,0.3885,0.5038,0.0,0.0,0.0,0.0,0.7838,62.5012,0.4116,0.1305,0.4997,738.1947,0.8614,0
治愈系毛绒挂件-390,玩具/文创,64.6164,33.1615,0.2959,0.3081,0.2937,0.5897,0.4017,0.5465,87.2136,0.5795,0.7581,10.086,0.9481,20.2338,0.8072,0.5039,0.1573,1818.5144,0.8562,1
蓝牙耳机保护套-391,数码/配件,49.041,36.3742,0.8552,0.2196,0.818,0.7272,0.0884,0.2311,0.0,0.0,0.0,0.0,0.3918,50.9865,0.6313,0.4019,0.5545,5992.1145,0.549,0
IP联名巧克力-392,食品/零食,70.9549,21.9691,0.5866,0.0441,0.4581,0.6721,0.232,0.6692,0.0,0.0,0.0,0.0,0.3635,29.7287,0.7412,0.3249,0.8402,1564.6683,0.5935,0
草莓熊软糖-393,食品/零食,77.9969,39.7606,0.8767,0.5438,0.2776,0.4237,0.7171,0.7016,0.0,0.0,0.0,0.0,0.5659,85.7149,0.3106,0.4685,-0.545,627.2334,0.8058,0
IP联名相框-394,家居/装饰,65.9419,33.0216,0.4324,0.7486,0.1591,0.068,0.1683,0.8206,60.9776,0.3751,0.4735,40.6746,0.8297,74.1704,0.3338,0.5404,0.9019,10555.2761,0.9124,1
草莓熊软糖-395,食品/零食,63.4083,28.243,0.4879,0.0928,0.0486,0.8217,0.3749,0.4734,79.9561,0.9617,0.1684,61.5683,0.5252,18.6993,0.5469,0.5137,0.2654,8698.6771,0.909,0
多巴胺配色袜子-396,服饰/穿搭,25.1361,30.7771,0.5256,0.329,0.4823,0.6516,0.2321,0.3848,0.0,0.0,0.0,0.0,0.5075,26.6969,0.341,0.5821,0.5042,4217.3192,0.4061,0
原木扩香器-397,家居/香氛,37.1593,15.2307,0.48,0.3699,0.0525,0.5532,0.132,0.8305,67.9482,0.9601,0.1312,24.5154,0.5317,51.7597,0.2735,0.8069,0.2493,6107.0406,0.613,0
IP联名手机壳-398,数码/配件,5.0159,2.8844,0.3267,0.5432,0.4838,0.3845,0.2569,0.8976,75.6533,0.2954,0.2767,32.4435,0.5288,83.5001,0.0977,0.2142,-0.5211,7229.5099,0.7112,0
原木收纳盒-399,家居/装饰,20.4993,-33.8317,0.9204,0.4718,0.1557,0.11,0.3908,0.3943,45.0041,0.6291,0.6388,5.0658,0.8353,52.123,0.3436,0.2919,0.3827,2088.7414,0.6924,0
草莓熊软糖-400,食品/零食,53.3132,-2.1134,0.1429,0.8302,0.1313,0.7972,0.3821,0.1013,67.2976,0.8377,0.6028,31.7228,0.3372,19.9303,0.8271,0.285,0.2243,323.6939,0.9056,1
手工陶艺花瓶-401,家居/装饰,78.0216,100.0,0.6869,0.4688,0.0714,0.3896,0.2318,0.6098,0.0,0.0,0.0,0.0,0.6547,74.037,0.5413,0.5648,0.9092,3731.143,0.8175,0
草莓熊摆件-402,家居/装饰,20.1134,35.1885,0.885,0.7373,0.0914,0.6285,0.5466,0.367,0.0,0.0,0.0,0.0,0.8707,81.4624,0.53,0.553,-0.4095,686.4243,0.7954,0
治愈系礼盒-403,食品/零食,67.9571,1.235,0.5285,0.5555,0.415,0.8306,0.3547,0.5992,85.2721,0.4406,0.5525,29.7855,0.9349,56.2498,0.2135,0.5994,0.3958,4886.2302,0.7217,0
磁吸充电宝-404,数码/配件,77.0094,14.1323,0.1345,0.1256,0.2636,0.8457,0.2973,0.7653,69.047,0.9725,0.4209,13.277,0.3807,38.6653,0.5886,0.3563,0.1021,1304.3865,0.936,1
哈利波特盲盒-405,玩具/文创,59.3793,38.1263,0.6018,0.5392,0.199,0.6124,0.1488,0.6686,0.0,0.0,0.0,0.0,0.6963,44.4847,0.133,0.7765,-0.2966,300.4141,0.4795,0
治愈系礼盒-406,食品/零食,44.9157,-2.1931,0.5388,0.2959,0.5226,0.1112,0.212,0.4742,0.0,0.0,0.0,0.0,0.6991,59.4043,0.5984,0.2906,0.0939,10713.0853,0.6711,0
侘寂风面膜-407,美妆/个护,66.6956,71.4489,0.5631,0.1741,0.4027,0.256,0.3319,0.1456,0.0,0.0,0.0,0.0,0.4935,36.6379,0.6155,0.1347,0.7606,8032.7942,0.922,0
多巴胺唇釉-408,美妆/个护,67.0091,40.7801,0.8426,0.2967,0.3187,0.4128,0.0869,0.3136,78.61,0.7298,0.086,31.1636,0.619,34.2001,0.4332,0.3646,-0.18,4668.4648,0.664,0
侘寂风面膜-409,美妆/个护,40.3089,-50.0,0.3195,0.234,0.2171,0.3933,0.3753,0.6043,52.0466,0.6893,0.5195,33.6178,0.2954,67.6029,0.6667,0.4846,0.55,656.1366,0.7818,0
手工陶艺花瓶-410,家居/装饰,52.0991,4.1002,0.0295,0.3287,0.426,0.9005,0.2697,0.3946,0.0,0.0,0.0,0.0,0.4699,70.5136,0.5788,0.3048,0.1752,10961.62,0.4453,0
磁吸充电宝-411,数码/配件,45.947,13.8488,0.6158,0.3631,0.6143,0.5347,0.4771,0.6238,0.0,0.0,0.0,0.0,0.5396,36.6632,0.7616,0.6426,1.0,2937.5996,0.7129,0
治愈系毛绒抱枕-412,家居/装饰,50.5217,-20.9031,0.3216,0.5448,0.0847,0.4556,0.3641,0.5802,63.2943,0.7718,0.5068,44.9905,0.6133,87.128,0.5796,0.3419,-0.1821,16539.9202,0.7548,0
IP联名巧克力-413,食品/零食,81.3016,-17.9964,0.7916,0.2794,0.7316,0.4925,0.0908,0.6427,0.0,0.0,0.0,0.0,0.9637,63.5866,0.7113,0.2779,0.729,1222.4149,0.6933,1
IP联名手机壳-414,数码/配件,54.339,14.2279,0.3647,0.6841,0.0154,0.7429,0.2755,0.2454,0.0,0.0,0.0,0.0,0.5277,30.6058,0.5132,0.297,-0.4594,6281.8316,0.5954,0
极简风帆布包-415,服饰/穿搭,63.8591,19.5349,0.7072,0.4129,0.1981,0.9373,0.1723,0.1321,67.5588,0.973,0.3579,53.4145,0.827,87.5659,0.5177,0.6586,0.1189,4271.3475,0.9796,1
联名饮料-416,食品/零食,79.2402,48.6027,0.4741,0.7774,0.3576,0.3085,0.3193,0.4949,0.0,0.0,0.0,0.0,0.7541,49.2616,0.6937,0.1498,0.3348,1180.6638,0.7155,0
手工陶艺花瓶-417,家居/装饰,49.4465,-12.8769,0.5555,0.3746,0.1895,0.3323,0.1149,0.6957,0.0,0.0,0.0,0.0,0.4312,44.383,0.4563,0.5155,0.7178,16763.9068,0.5045,0
拼装模型-418,玩具/文创,29.6357,73.0386,0.3878,0.3991,0.0359,0.7193,0.3278,0.6629,81.6004,0.5673,0.493,79.6733,0.5122,79.6685,0.412,0.6576,-0.0326,2854.3477,0.7722,1
多巴胺配色袜子-419,服饰/穿搭,82.9349,-11.0832,0.1924,0.1768,0.4592,0.7279,0.2345,0.4144,0.0,0.0,0.0,0.0,0.7115,49.2907,0.3261,0.2955,-0.3102,2224.6784,0.7703,0
IP联名手机壳-420,数码/配件,72.2236,-30.9045,0.7,0.1301,0.0997,0.8722,0.622,0.3454,0.0,0.0,0.0,0.0,0.3545,58.8164,0.4184,0.5758,0.2433,28819.8839,0.7993,0
机械键盘键帽-421,数码/配件,43.4769,40.0258,0.4781,0.557,0.2983,0.9112,0.0727,0.5174,100.0,0.2185,0.7852,34.5737,0.3911,45.7337,0.6131,0.2612,0.1102,654.2176,0.7736,1
IP联名相框-422,家居/装饰,46.9307,-13.0484,0.4578,0.573,0.2105,0.9633,0.0673,0.3048,0.0,0.0,0.0,0.0,0.5949,100.0,0.3527,0.5349,0.2443,799.9983,0.7809,0
极简风帆布包-423,服饰/穿搭,53.5119,44.4489,0.5552,0.6157,0.0918,0.6778,0.2602,0.9445,59.2195,0.6209,0.4353,64.8385,0.5763,12.6078,0.2828,0.6364,0.5041,226.0628,0.7394,1
极简风帆布包-424,服饰/穿搭,59.5998,8.5193,0.7828,0.4339,0.2696,0.321,0.4408,0.9175,85.2728,0.548,0.5692,13.7844,0.5557,48.1695,0.6544,0.2017,0.3383,13024.1523,0.7835,1
IP联名洗护套装-425,美妆/个护,16.3336,76.7031,0.3412,0.2811,0.2207,0.4207,0.1362,0.7474,79.2852,0.7496,0.6376,20.3603,0.136,44.3,0.4195,0.6058,0.1541,3019.3185,0.8231,1
原木扩香器-426,家居/香氛,10.0329,36.8051,0.2914,0.5268,0.2743,0.1876,0.482,0.4111,0.0,0.0,0.0,0.0,0.5718,66.1061,0.3791,0.166,-0.4092,295.8222,0.7567,0
IP联名手机壳-427,数码/配件,30.7409,25.4569,0.7345,0.4828,0.431,0.2098,0.1978,0.8846,0.0,0.0,0.0,0.0,0.5022,50.7853,0.5544,0.6829,0.509,925.3583,0.6547,0
原木收纳盒-428,家居/装饰,50.9403,-24.8473,0.5821,0.4123,0.1913,0.7452,0.4115,0.4368,0.0,0.0,0.0,0.0,0.6739,81.8451,0.8066,0.4188,0.8482,12498.9849,0.9248,0
治愈系毛绒抱枕-429,家居/装饰,55.4717,43.1793,0.9143,0.0845,0.1057,0.6175,0.146,0.4789,0.0,0.0,0.0,0.0,0.7219,37.2839,0.4777,0.6402,0.1932,8836.8143,0.7085,0
治愈系扩香石-430,家居/香氛,55.1458,33.0602,0.4562,0.6157,0.4864,0.5388,0.5041,0.3648,58.5511,0.7134,0.2235,87.5401,0.7045,45.949,0.3262,0.3829,0.7838,2854.5312,0.8102,1
原木收纳盒-431,家居/装饰,42.7085,29.1581,0.2521,0.1285,0.4404,0.656,0.1321,0.7469,0.0,0.0,0.0,0.0,0.8818,43.5879,0.5068,0.5052,-0.1429,32167.0425,0.7659,0
限定口味薯片-432,食品/零食,78.9944,23.4941,0.4379,0.6212,0.5883,0.1385,0.3878,0.4518,56.7523,0.6744,0.3036,40.5366,0.6701,70.0032,0.5245,0.1996,0.7484,798.2132,0.8471,1
IP联名巧克力-433,食品/零食,81.7377,-1.5434,0.1419,0.6469,0.4417,0.353,0.2922,0.8241,68.1531,0.7102,0.3736,67.1572,0.7702,59.1762,0.3479,0.2044,0.7218,122.74,0.7453,1
柯南手办-434,玩具/文创,63.5898,8.9966,0.8258,0.4809,0.0228,0.6949,0.3035,0.6798,77.7143,0.4484,0.1743,50.6808,0.6282,49.7816,0.5194,0.532,0.4185,15420.2288,0.9313,1
治愈系毛绒挂件-435,玩具/文创,24.8147,56.1364,0.403,0.2048,0.1046,0.5914,0.1599,0.4116,80.6389,0.78,0.4892,66.6606,0.9354,59.8486,0.2333,0.2266,0.1694,3238.8553,0.9225,1
便携数据线-436,数码/配件,82.5614,26.111,0.1594,0.3698,0.1542,0.5977,0.3657,0.3472,76.0762,0.8938,0.3697,57.1617,0.6013,78.9173,0.2725,0.0913,0.4552,15221.1937,0.6257,0
治愈系扩香石-437,家居/香氛,42.8746,-15.1289,0.8783,0.4545,0.3635,0.6703,0.4498,0.853,0.0,0.0,0.0,0.0,0.6533,52.0556,0.9073,0.3835,0.2871,4656.2066,0.8505,0
原木收纳盒-438,家居/装饰,31.3745,-3.6622,0.4272,0.3242,0.4946,0.4648,0.2492,0.6741,80.8086,0.5599,0.1727,13.3602,0.7553,67.2893,0.5314,0.4422,0.5007,10181.9813,0.6435,1
极简风帆布包-439,服饰/穿搭,32.9005,85.4985,0.3375,0.3133,0.5909,0.4188,0.4918,0.3095,53.1652,0.6595,0.1572,33.5952,0.8646,38.4279,0.544,0.3546,0.0501,4166.7208,0.607,0
多巴胺配色袜子-440,服饰/穿搭,40.897,21.0632,0.1332,0.4792,0.5404,0.8047,0.4677,0.428,75.6924,0.7885,0.5269,41.0445,0.5002,46.2202,0.6921,0.3396,-0.0805,822.2145,0.5594,0
IP联名巧克力-441,食品/零食,64.8563,27.304,0.7659,0.5115,0.151,0.358,0.2928,0.8184,70.5814,0.8188,0.8601,36.9849,0.6849,82.0477,0.3877,0.2095,0.039,4990.9309,0.7251,1
机械键盘键帽-442,数码/配件,65.7294,-23.1725,0.6233,0.1511,0.4821,0.1095,0.3203,0.3694,96.7196,0.7503,0.6161,3.4747,0.8646,48.031,0.6777,0.4349,0.2314,16475.1023,0.5496,0
磁吸充电宝-443,数码/配件,71.6433,23.9808,0.4204,0.5115,0.074,0.5783,0.2643,0.8471,78.8667,0.5395,0.2497,18.1076,0.6882,47.1806,0.3853,0.687,0.3909,13089.2327,0.6733,0
限定口味薯片-444,食品/零食,65.7033,24.7098,0.5377,0.2222,0.4793,0.385,0.3267,0.2896,0.0,0.0,0.0,0.0,0.715,81.9163,0.4485,0.374,-0.1557,11617.5507,0.8206,0
原木扩香器-445,家居/香氛,100.0,4.4498,0.6492,0.2647,0.539,0.505,0.2589,0.5063,100.0,0.5061,0.6396,19.6902,0.3865,52.4562,0.4251,0.3062,0.8404,6722.134,0.3716,1
联名饮料-446,食品/零食,46.0602,35.0832,0.1287,0.2539,0.6127,0.2899,0.2402,0.6391,60.1856,0.7116,0.7534,71.4238,0.1216,40.3389,0.3085,0.8129,1.0,11258.2194,0.9728,0
治愈系礼盒-447,食品/零食,43.1522,-11.1924,0.4768,0.5181,0.1161,0.5698,0.5473,0.5832,0.0,0.0,0.0,0.0,0.4317,36.0331,0.6757,0.0869,0.438,4801.0981,0.5792,0
联名饮料-448,食品/零食,15.2672,34.7584,0.4253,0.5466,0.289,0.4576,0.0555,0.5002,60.0311,0.4947,0.3746,17.2971,0.8298,48.3874,0.7151,0.4753,0.4874,1796.9341,0.6536,1
IP联名相框-449,家居/装饰,17.9823,9.9913,0.4808,0.0132,0.2544,0.2556,0.3367,0.256,72.538,0.871,0.1752,19.3785,0.4665,70.7824,0.806,0.802,0.0691,14675.8049,0.5291,1
拼装模型-450,玩具/文创,52.9227,21.0137,0.4876,0.5306,0.3499,0.8785,0.0129,0.2312,95.2235,0.4283,0.3988,27.6812,0.9199,33.3532,0.607,0.4589,0.3187,28367.0994,0.8003,1
极简风帆布包-451,服饰/穿搭,27.0941,-15.3458,0.856,0.295,0.13,0.4254,0.0811,0.0723,0.0,0.0,0.0,0.0,0.6813,77.9547,0.8569,0.2398,0.112,9040.2269,0.8417,0
多巴胺配色袜子-452,服饰/穿搭,31.2339,66.0454,0.5882,0.4637,0.5223,0.1559,0.0686,0.7367,74.4052,0.4789,0.2074,72.1882,0.7952,42.1,0.3519,0.2337,-0.044,11528.2273,0.6022,0
限定口味薯片-453,食品/零食,45.8687,27.459,0.4531,0.4083,0.006,0.6619,0.6103,0.7687,92.9059,0.8409,0.5144,4.3034,0.6741,49.7478,0.404,0.4199,0.9315,1236.4993,0.931,0
IP联名相框-454,家居/装饰,21.9942,20.9848,0.2246,0.557,0.3044,0.8105,0.3321,0.5843,0.0,0.0,0.0,0.0,0.6052,15.9368,0.2927,0.4341,0.8769,848.5275,0.7568,0
IP联名手机壳-455,数码/配件,64.8723,-35.6318,0.5377,0.5779,0.3533,0.5583,0.3423,0.7253,80.3661,0.6022,0.2764,38.2619,0.8038,51.5787,0.7711,0.3255,0.016,1368.9595,0.8371,1
哈利波特盲盒-456,玩具/文创,33.7448,-20.4624,0.3745,0.509,0.5775,0.4212,0.1337,0.4324,88.0226,0.2842,0.4415,0.0,0.952,54.8457,0.7676,0.6394,0.7239,5491.7223,0.8507,0
治愈系礼盒-457,食品/零食,56.9615,36.0404,0.7559,0.5798,0.0527,0.5035,0.1787,0.4774,97.9502,0.5909,0.3108,3.9763,0.6153,65.5087,0.1426,0.1159,-0.4825,5124.8072,0.5349,1
治愈系毛绒抱枕-458,家居/装饰,47.0377,-31.8006,0.6301,0.5708,0.2438,0.6246,0.2676,0.8092,0.0,0.0,0.0,0.0,0.8533,82.51,0.7179,0.4041,0.027,3901.2602,0.3848,0
IP联名手机壳-459,数码/配件,78.4334,23.0666,0.5311,0.1114,0.4848,0.4579,0.4086,0.5456,0.0,0.0,0.0,0.0,0.7508,51.0985,0.7313,0.7406,-0.0645,6580.246,0.8537,1
侘寂风线香-460,家居/香氛,78.067,76.9999,0.8936,0.3453,0.0692,0.577,0.1984,0.224,77.8698,0.8088,0.191,52.124,0.3472,66.7212,0.7112,0.5613,0.169,40588.7977,0.5044,1
蓝牙耳机保护套-461,数码/配件,55.5482,-0.9967,0.4401,0.3194,0.5453,0.3014,0.3313,0.1401,0.0,0.0,0.0,0.0,0.6385,32.3838,0.2697,0.7487,0.2545,1616.7604,0.9076,0
治愈系毛绒挂件-462,玩具/文创,70.6877,36.2587,0.5179,0.6034,0.3792,0.2094,0.2169,0.3719,62.696,0.8546,0.4549,26.0272,0.6423,65.1325,0.3905,0.3775,-0.4434,264.3854,0.9717,1
限定口味薯片-463,食品/零食,35.8171,35.678,0.4231,0.2815,0.0333,0.3575,0.4285,0.3766,96.3119,0.7124,0.2983,30.9251,0.2743,5.9473,0.6692,0.5407,0.4342,2766.4661,0.8455,1
草莓熊软糖-464,食品/零食,67.001,-3.2607,0.3591,0.2085,0.3881,0.185,0.3119,0.5591,71.617,0.6821,0.6982,25.0959,0.7006,51.3431,0.4266,0.5264,0.1433,2994.785,0.6431,0
多巴胺配色袜子-465,服饰/穿搭,93.1449,-31.0981,0.4342,0.3532,0.5947,0.6489,0.5011,0.3391,81.7592,0.8988,0.6953,34.0724,0.5566,82.4467,0.7031,0.4502,0.2923,333.4672,0.7563,1
手工陶艺花瓶-466,家居/装饰,46.2134,56.3375,0.5293,0.3978,0.7229,0.895,0.2271,0.5545,58.0533,0.6168,0.1782,6.3522,0.7856,11.3361,0.677,0.6715,0.279,9969.5224,0.6742,1
治愈系扩香石-467,家居/香氛,53.2366,-25.0682,0.4424,0.541,0.4542,0.8802,0.1856,0.5975,0.0,0.0,0.0,0.0,0.852,54.2436,0.6559,0.6697,-0.2887,4072.4895,0.9258,0
IP联名相框-468,家居/装饰,44.0169,-0.5289,0.6008,0.0637,0.5214,0.2361,0.5235,0.3749,0.0,0.0,0.0,0.0,0.7657,38.399,0.8691,0.3266,0.7494,2325.3104,0.5819,0
机械键盘键帽-469,数码/配件,69.4672,12.6153,0.1985,0.1967,0.4875,0.3204,0.1927,0.5978,56.9495,0.7853,0.5041,26.1569,0.43,36.4431,0.6573,0.4627,0.5042,1472.9108,0.653,0
哈利波特盲盒-470,玩具/文创,61.4298,15.7263,0.584,0.8475,0.1472,0.3197,0.3861,0.5647,0.0,0.0,0.0,0.0,0.751,58.6322,0.2696,0.1004,-0.1725,635.0122,0.6508,0
手工陶艺花瓶-471,家居/装饰,42.2787,-7.037,0.6997,0.3047,0.3267,0.4976,0.2402,0.605,57.723,0.713,0.4064,14.7779,0.8442,45.9424,0.776,0.4821,0.6036,85.5466,0.7888,0
多巴胺唇釉-472,美妆/个护,32.6374,44.817,0.8895,0.1347,0.1009,0.3637,0.2826,0.5045,100.0,0.4999,0.3622,38.9355,0.3895,59.1295,0.1721,0.3917,0.3546,10547.0539,0.484,0
原木收纳盒-473,家居/装饰,63.6382,40.3556,0.7772,0.3695,0.4811,0.4256,0.3015,0.169,0.0,0.0,0.0,0.0,0.6568,73.6912,0.6702,0.6599,0.3199,4182.6045,0.5564,0
原木扩香器-474,家居/香氛,15.7062,-19.1113,0.3653,0.082,0.5362,0.7265,0.1971,0.4663,35.3224,0.528,0.3542,57.1028,0.7887,82.8665,0.6662,0.1092,-0.0216,161.9742,0.8444,0
治愈系毛绒抱枕-475,家居/装饰,14.1998,-30.2038,0.1275,0.1528,0.4343,0.5902,0.5843,0.3379,76.3528,0.8526,0.1408,62.9884,0.5898,51.8492,0.8913,0.2573,0.315,16042.2107,0.9546,0
手工陶艺花瓶-476,家居/装饰,32.3372,83.5698,0.7934,0.4409,0.2412,0.8421,0.3445,0.3335,69.0503,0.9369,0.3146,42.1295,0.6337,27.2334,0.6802,0.1522,-0.7904,6199.7336,0.6894,0
IP联名卫衣-477,服饰/穿搭,85.2214,-28.3218,0.3076,0.7211,0.1759,0.6312,0.0744,0.3254,0.0,0.0,0.0,0.0,0.2831,52.01,0.4265,0.1588,0.532,1126.4662,0.5113,0
IP联名手机壳-478,数码/配件,72.2791,52.2104,0.4886,0.3363,0.5732,0.2387,0.0641,0.4677,66.7886,0.8252,0.1767,13.7362,0.4743,55.8486,0.4814,0.7638,0.2153,3034.3387,0.905,1
复古牛仔外套-479,服饰/穿搭,39.8938,2.966,0.4385,0.4785,0.4101,0.9528,0.3233,0.1834,91.0486,0.1956,0.3658,66.4704,0.6303,67.4439,0.4415,0.5459,-0.069,635.8551,0.7018,0
拼装模型-480,玩具/文创,36.7123,20.4703,0.6379,0.1015,0.711,0.3154,0.4976,0.5182,73.4429,0.8064,0.2198,23.6256,0.2068,56.1971,0.704,0.091,0.354,52.4652,0.7072,0
原木收纳盒-481,家居/装饰,49.8644,9.7695,0.4484,0.54,0.2976,0.4393,0.3668,0.6942,72.3106,0.6475,0.464,59.1976,0.6462,9.9389,0.6899,0.1157,0.1657,975.7763,0.8729,0
限定口味薯片-482,食品/零食,49.1052,37.5132,0.0929,0.327,0.3213,0.4504,0.3484,0.4192,0.0,0.0,0.0,0.0,0.4023,37.8788,0.6263,0.176,0.5945,8481.6247,0.7847,0
复古牛仔外套-483,服饰/穿搭,28.1425,9.2803,0.0893,0.1752,0.1079,0.3712,0.273,0.4252,71.1514,0.4164,0.6784,46.8314,0.9479,64.9428,0.2899,0.2053,-0.5115,15205.9503,0.6379,0
草莓熊软糖-484,食品/零食,80.8176,-8.4023,0.6176,0.6648,0.1448,0.797,0.4264,0.5474,0.0,0.0,0.0,0.0,0.3326,62.3904,0.4266,0.4563,0.5961,320.9433,0.8208,0
IP联名洗护套装-485,美妆/个护,70.2827,56.9225,0.1886,0.0822,0.5248,0.2172,0.0598,0.2019,0.0,0.0,0.0,0.0,0.6238,40.404,0.7789,0.1718,0.6706,5917.609,0.6796,0
Y2K印花T恤-486,服饰/穿搭,45.0209,62.0762,0.6545,0.7172,0.5311,0.6189,0.4926,0.6241,0.0,0.0,0.0,0.0,0.5206,27.8802,0.2581,0.6693,-0.2469,229.3324,0.6865,0
侘寂风线香-487,家居/香氛,49.4398,22.2572,0.6391,0.2701,0.3877,0.3263,0.0457,0.2811,0.0,0.0,0.0,0.0,0.5878,56.1259,0.3249,0.352,0.2144,236.0881,0.7456,0
原木收纳盒-488,家居/装饰,62.343,74.524,0.4433,0.5552,0.3389,0.2392,0.7043,0.2129,50.6707,0.7862,0.2976,53.7089,0.7859,64.5472,0.5773,0.3616,-0.0683,100000.0,0.816,1
IP联名巧克力-489,食品/零食,67.5154,0.1711,0.0925,0.4352,0.3449,0.6405,0.311,0.5844,65.6099,0.3171,0.1804,38.624,0.3694,41.6255,0.4578,0.3912,-0.0882,2385.8619,0.6369,0
原木收纳盒-490,家居/装饰,45.5592,75.3198,0.1698,0.4341,0.2769,0.2018,0.1661,0.3208,83.7445,0.5872,0.1724,71.5195,0.98,75.3917,0.5486,0.2154,0.5338,943.1164,0.5456,1
复古牛仔外套-491,服饰/穿搭,59.1586,50.7335,0.3388,0.4841,0.043,0.7212,0.3242,0.5812,87.4953,0.5439,0.5256,37.1755,0.7254,50.429,0.5457,0.2745,0.5236,1294.4143,0.7305,0
哈利波特盲盒-492,玩具/文创,46.5857,-50.0,0.4035,0.3712,0.0437,0.5392,0.1862,0.3612,99.5292,0.8353,0.3115,39.2785,0.873,70.3164,0.2143,0.3967,0.1032,2913.5394,0.7548,0
拼装模型-493,玩具/文创,44.5144,31.1872,0.5951,0.6386,0.3491,0.2982,0.4776,0.1982,66.6419,0.4119,0.1014,41.3498,0.8613,40.4964,0.4466,0.3458,-0.512,23113.0949,0.8334,1
舒缓精华液-494,美妆/个护,51.5904,49.3245,0.5732,0.3659,0.3009,0.4095,0.7646,0.8107,0.0,0.0,0.0,0.0,0.5688,31.1118,0.4871,0.5784,0.3479,100000.0,0.7145,0
IP联名洗护套装-495,美妆/个护,42.1864,22.4516,0.2326,0.5304,0.4638,0.2408,0.4486,0.4697,0.0,0.0,0.0,0.0,0.3668,77.5441,0.5087,0.3786,-0.3197,482.3799,0.8196,0
IP联名卫衣-496,服饰/穿搭,28.3482,4.2849,0.9464,0.7868,0.8082,0.3626,0.4178,0.8269,74.7882,0.7868,0.1576,13.1917,0.4928,50.7231,0.4814,0.339,-0.0204,8726.523,0.7734,0
多巴胺配色袜子-497,服饰/穿搭,33.3643,39.6333,0.4489,0.2578,0.7292,0.1913,0.2338,0.7374,0.0,0.0,0.0,0.0,0.7227,37.3763,0.4852,0.581,0.1679,1771.5328,0.7224,0
IP联名卫衣-498,服饰/穿搭,58.0962,-16.3567,0.7757,0.1494,0.4986,0.7213,0.1257,0.0792,0.0,0.0,0.0,0.0,0.1644,60.7855,0.7145,0.0885,0.0573,100000.0,0.7867,0
拼装模型-499,玩具/文创,21.1099,-35.1961,0.2933,0.7697,0.548,0.1732,0.2745,0.4129,69.2929,0.7146,0.4386,56.4821,0.9784,52.5505,0.1967,0.5353,0.4615,2042.9162,0.9753,1
Y2K印花T恤-500,服饰/穿搭,51.194,58.0848,0.486,0.2892,0.3552,0.1922,0.1867,0.23,81.8992,0.8347,0.6452,41.7068,0.2827,51.4971,0.168,0.3042,-0.1428,48493.1402,0.6033,1
